"job_id","job_title","job_location","company_name","salary_year_avg"
216489,"Research Scientist","Anywhere","ED-Energy Storage & Distributed R","25000.0"
1178688,"Data Analyst","Anywhere","Jobmatchingpartner Ltd","35000.0"
1349849,"Financial Data Analyst","Anywhere","Get It Recruit - Information Technology","36000.0"
994565,"Remote Data Analyst","Anywhere","Get It Recruit - Administrative","39000.0"
663127,"Data Quality Analyst (Fraud Prevention)","Anywhere","owl.co","40000.0"
512966,"Ecommerce Business Analyst/Data Analyst with Good exp with SQL","Anywhere","BayOne Solutions","41000.0"
473213,"Data Analyst-Operations","Anywhere","U.S. Wire and Cable Company/ Flexon Industries","42500.0"
1619146,"Data Analyst","Anywhere","Get It Recruit - Administrative","46500.0"
229128,"Data Analyst / Engineer","Anywhere","Men's Health Clinic (MHC)","47500.0"
1262617,"Financial Data Analyst","Anywhere","Ali Awad Law, P.C.","47500.0"
42319,"Data Analyst","Anywhere","Insight Global","47500.0"
1605573,"Clinical Data Analyst (Entry to Mid Level)","Anywhere","Allied Technologies & Consulting","48500.0"
522407,"Data Analysis & Reporting Specialist","Anywhere","Get It Recruit - Information Technology","50000.0"
1278164,"Data Analyst","Anywhere","Get It Recruit - Transportation","50000.0"
1672776,"Data Entry Analyst","Anywhere","Get It Recruit - Administrative","50000.0"
269335,"Data Analyst I - Healthcare Analytics","Anywhere","Get It Recruit - Information Technology","50000.0"
587906,"Data Analyst","Anywhere","Makana Technologies","50000.0"
1086455,"Data Analysis & Reporting Specialist","Anywhere","Get It Recruit - Information Technology","50500.0"
44448,"Data Quality Analyst","Anywhere","Get It Recruit - Information Technology","51000.0"
1073885,"Sr. Data Analyst","Anywhere","Jacksonville","51059.0"
642310,"OPEN RANK: Qualitative Research Data Analyst or Senior Research...","Anywhere","University of Maryland, Baltimore","51500.0"
1049427,"Data Analyst","Anywhere","Spark451 Inc.","52000.0"
1203514,"Data Analyst (Remote)","Anywhere","Acosta, Inc.","52500.0"
862094,"Data Analyst","Anywhere","Kaye/Bassman International","52500.0"
74841,"Data Quality Analyst","Anywhere","Get It Recruit - Information Technology","52500.0"
667237,"E-Commerce Digital Analyst","Anywhere","Fitsoftware OU","52500.0"
902110,"Junior Data Analyst","Anywhere","Phoenix Capital Group Holdings LLC","52500.0"
198826,"Statistical Data Analyst (Buyer Engagement Strategist)","Anywhere","University of South Florida","53000.0"
486466,"Data Analyst - US Healthcare (REMOTE)","Anywhere","WALGREENS","54540.0"
562116,"Environmental Data Analyst","Anywhere","JARBO Employment Group","55000.0"
837423,"CCBHC Data Analyst (Grant Funded Position)","Anywhere","State of Georgia","55000.0"
1598725,"Lead Data Analyst/Data Architect","Anywhere","Get It Recruit - Information Technology","55500.0"
739541,"Healthcare Data SAS Analyst I","Anywhere","Ascendo Resources","57300.0"
785489,"Data Management Analyst- Remote","Anywhere","Stafford Consulting Company, Inc.","57500.0"
346462,"Remote Data Analyst II","Anywhere","The Difference Card","57500.0"
441975,"Data Analyst I","Anywhere","FiberFirst","57500.0"
1635949,"Remote Data Analyst II","Anywhere","Get It Recruit - Information Technology","57500.0"
863378,"Remote Data Analyst Consultant","Anywhere","Insight Global","58000.0"
1091264,"Logistics Data Analyst (Remote Friendly)","Anywhere","Webstaurant Store","58000.0"
489565,"HR Data Analyst- REMOTE","Anywhere","Ryder System","59000.0"
1117967,"HR Data Analyst- REMOTE","Anywhere","Ryder System","59000.0"
719006,"Data Analyst - Call Center","Anywhere","Suncoast Credit Union","59500.0"
1424729,"Atmospheric Scientist/Data Analyst","Anywhere","BLUE STORM ASSOCIATES INC","60000.0"
179907,"Data Analyst - Payroll Operations","Anywhere","Get It Recruit - Information Technology","60000.0"
143739,"Junior Data Analyst","Anywhere","TalentKompass Deutschland","60000.0"
758435,"HR Data Analyst","Anywhere","SHI International Corp.","60000.0"
616124,"Junior Data Analyst","Anywhere","Get It Recruit - Finance","60000.0"
697068,"Remote Data Analyst","Anywhere","Kaye/Bassman International, Corp.","60000.0"
286007,"Data Analyst","Anywhere","Get It Recruit - Information Technology","60000.0"
1431520,"Entry Level Data Analyst","Anywhere","Jumpvine","60000.0"
475205,"Lead Operations Data and Performance Analyst","Doha, Qatar","Qatar Airways",""
480353,"Data Analyst","Doha, Qatar","PPOAR",""
513859,"Data Analyst","United Arab Emirates","Work in USA",""
229684,"Chalhoub Careers Dubai | Associate Data Analyst – Customer Job","Dubai - United Arab Emirates","Chalhoub Group",""
860422,"Data Analyst","Riyadh Saudi Arabia","Workato",""
469244,"Data Analyst Jobs in Dubai","Dubai - United Arab Emirates","Chalhoub Group",""
182243,"Data Analyst","Abu Dhabi - United Arab Emirates","Etihad Airways",""
982910,"Data Analyst","Doha, Qatar","JobCenter",""
1217241,"Voice of Customer Analyst Jobs in Dubai","Dubai - United Arab Emirates","Al Futtaim",""
391502,"Data Analyst","Umm Al Quwain - Umm Al Quawain - United Arab Emirates","Want More",""
1696221,"Data Analyst","Ras Al-Khaimah - Ras al Khaimah - United Arab Emirates","PPOAR",""
1608878,"Data Analyst","Riyadh Saudi Arabia","Work standard",""
1664197,"Data Analyst","Dubai - United Arab Emirates","India Abroad",""
893464,"Data Analyst","Dubai - United Arab Emirates","Almosafer",""
1275309,"Data Analyst","Doha, Qatar","Work in USA",""
774179,"CRM Data Analyst Jobs in Dubai 2022","Dubai - United Arab Emirates","Al Futtaim",""
520125,"Junior Data Analyst","Dubai - United Arab Emirates","Talent Pal",""
55736,"Data Analyst","Doha, Qatar","Want More",""
1771019,"Associate Data Analyst - Logistics - Chalhoub Group","Dubai - United Arab Emirates","Talent Pal",""
74486,"Data Analyst","Riyadh Saudi Arabia","India Abroad",""
327209,"Data Analyst ( Retail ), GGI Entertainment - Powered By Qureos","Dubai - United Arab Emirates","Qureos",""
1280148,"Pricing Executive – Data Analytics Jobs","Dubai - United Arab Emirates","Al Futtaim",""
904918,"Data Analyst Jobs In Dubai","Dubai - United Arab Emirates","Talent Pal",""
64387,"Data Analyst - United Arab Emirates University","United Arab Emirates","Talent Pal",""
861259,"Data Analyst","Riyadh Saudi Arabia","Jing Hau",""
270054,"Data Analyst","Dubai - United Arab Emirates","Chalhoub Group",""
308198,"Lead Data Analyst","Dubai - United Arab Emirates","Almosafer",""
1648626,"Data Analyst","Doha, Qatar","Work corp",""
1412748,"Data Analyst","Doha, Qatar","Want More",""
1540831,"Data Analyst","Riyadh Saudi Arabia","Work corp",""
228505,"Data Analyst","Riyadh Saudi Arabia","India Abroad",""
462546,"Data Analyst","Riyadh Saudi Arabia","Abroad Work",""
536912,"Data Analyst","Doha, Qatar","JobCenter",""
646788,"Data Analyst","Riyadh Saudi Arabia","Ecojob",""
1336146,"Data Analyst","Saudi Arabia","Talent Pal",""
900527,"Data Analyst","United Arab Emirates","Work in USA",""
1595337,"Data Analyst","Saudi Arabia","beBee S SA",""
1228416,"Data Analyst","Doha, Qatar","India Abroad",""
1679836,"Data Analyst","Ras Al-Khaimah - Ras al Khaimah - United Arab Emirates","Flyper",""
397884,"Data Analyst","Riyadh Saudi Arabia","Workato",""
418530,"Principal Data Analyst","Dubai - United Arab Emirates","The Emirates Group",""
21838,"Sales Data Analyst","Abu Dhabi - United Arab Emirates","Qureos",""
1806576,"Data Analyst","Sharjah - United Arab Emirates","Workato",""
417728,"TRAINING DATA ANALYST Jobs In Dubai","Dubai - United Arab Emirates","Trans Skills LLC",""
911074,"Data Analyst","Dubai - United Arab Emirates","Work in USA",""
534176,"Data Analyst – Dubai Jobs In Dubai 2023","Dubai - United Arab Emirates","TikTok",""
1674559,"Data Analyst","Ajman - United Arab Emirates","JobLeader",""
124780,"Data Analyst Bim","Saudi Arabia","Talent Pal",""
1344009,"Data Analyst","Ajman - United Arab Emirates","Flyper",""
581400,"Data Quality Manager","Abu Dhabi - United Arab Emirates","Five Continents Technical & Industrial Services Est.",""
181586,"Data Analyst","Saudi Arabia","NEOM",""
1315201,"Data Analyst","Dubai - United Arab Emirates","The Emirates Group",""
322403,"Data Analyst","Doha, Qatar","Parsons",""
445225,"Data Analyst","Dubai - United Arab Emirates","Kitopi",""
140885,"Data Analytics Lead","Saudi Arabia","NEOM",""
1188368,"Data Analytics Lead","United Arab Emirates","NEOM",""
1813241,"Data Analyst","Riyadh Saudi Arabia","Work standard",""
437002,"Data Analyst Trainee","Dubai - United Arab Emirates","Chalhoub Group",""
474462,"Data Analyst","Doha, Qatar","Workato",""
950548,"Data Analyst","Riyadh Saudi Arabia","ConFlip",""
478345,"Data Intelligence Manager","Riyadh Saudi Arabia","Almosafer",""
1719055,"Data & Inventory Analyst Dubai UAE","Dubai - United Arab Emirates","Gulf Career Hunt",""
99148,"Data Analyst","Riyadh Saudi Arabia","Workato",""
1534487,"Data Analyst, UDrive","Dubai - United Arab Emirates","CareerMatch",""
1046778,"Data Analyst","Al Wakrah, Qatar","Avanta Works",""
448017,"Data Analyst","Riyadh Saudi Arabia","Woopel",""
3125,"Data Analyst","Doha, Qatar","Abroad Work",""
284056,"Data Analyst","Doha, Qatar","Avanta Works",""
499521,"Data Analyst","Ras Al-Khaimah - Ras al Khaimah - United Arab Emirates","Work in USA",""
1679084,"Data Analytics Manager, PwC","Dubai - United Arab Emirates","CareerMatch",""
127659,"Data Analyst","Doha, Qatar","ConFlip",""
209095,"Creative Data Analyst (CST)","Dubai - United Arab Emirates","TikTok",""
1302478,"Creative Data Analyst Jobs in Dubai","Dubai - United Arab Emirates","TikTok",""
1040267,"Analytics Portfolio Manager","Dubai - United Arab Emirates","The Emirates Group",""
105742,"Data Analyst","Doha, Qatar","Workato",""
603899,"Data Analyst/Specialist Dubai UAE","Dubai - United Arab Emirates","Gulf Career Hunt",""
268985,"Statistical Analyst Jobs In Sharjah UAE | Agoda","Sharjah - United Arab Emirates","Agoda",""
1184945,"Data Analyst","Riyadh Saudi Arabia","Avanta Works",""
1770635,"Data Analyst","Riyadh Saudi Arabia","Want More",""
291354,"Data Analyst","Ras Al-Khaimah - Ras al Khaimah - United Arab Emirates","Work in USA",""
754033,"Data Analyst Jobs In Dubai UAE | Majid Al Futtaim","Dubai - United Arab Emirates","Majid Al Futtaim",""
27655,"Traffic Data Analyst","Dubai - United Arab Emirates","Parsons",""
1260119,"Junior Data Analyst","Dubai - United Arab Emirates","Qureos",""
979278,"Intelligence Analyst - KSA/UAE - Accenture","Saudi Arabia","Talent Pal",""
1436251,"Data Analyst– Distribution","Qatar","confidential",""
346574,"MFL-C (AFD) Data Analyst - ROSEN Group","Saudi Arabia","Talent Pal",""
302917,"Data Analyst","Riyadh Saudi Arabia","ConFlip",""
825865,"Data Analyst","Riyadh Saudi Arabia","ConFlip",""
1277207,"DATA ANALYST (Hadoop, Python, SQL)","Dubai - United Arab Emirates","Trans Skills LLC",""
471028,"Data Analyst","United Arab Emirates","Work corp",""
1362690,"Pricing Executive – Data Analytics Jobs","Dubai - United Arab Emirates","Al Futtaim",""
1153569,"Data Analyst","Riyadh Saudi Arabia","Woopel",""
757220,"Data Developer Analyst","Dubai - United Arab Emirates","Deriv",""
1072366,"Data Analyst","Abu Dhabi - United Arab Emirates","Ecojob",""
1272597,"Data Analyst","Ajman - United Arab Emirates","Want More",""
1685438,"Data Analyst","United Arab Emirates","Avanta Works",""
1465280,"Data Analyst","Doha, Qatar","Woopel",""
11785,"Logistics Data Analyst | KSA | Trilogilogistics | Riyadh...","Saudi Arabia","Talent Pal",""
1346188,"Data Analyst","Ras Al-Khaimah - Ras al Khaimah - United Arab Emirates","Work in USA",""
472461,"Pricing Executive – Data Analytics Jobs","Dubai - United Arab Emirates","Al Futtaim",""
1445832,"Data Analyst","Doha, Qatar","Work in USA",""
390330,"BI/Data Analyst Jobs in Abu Dhabi","Abu Dhabi - United Arab Emirates","Farah Experiences",""
350213,"Data Analyst/Business Intelligence Analyst","United Arab Emirates","confidential",""
1567809,"Data Analyst","Riyadh Saudi Arabia","Want More",""
410766,"Data Analyst Manager","Dubai - United Arab Emirates","Binance",""
776441,"Creative Data Analyst Jobs in Dubai | TikTok UAE Careers","Dubai - United Arab Emirates","TikTok",""
1309912,"Data Analyst","Sharjah - United Arab Emirates","Work in USA",""
1672700,"Data Analyst","Ajman - United Arab Emirates","JobCenter",""
1288225,"Associate Data Analyst - Logistics","Dubai - United Arab Emirates","Chalhoub Group",""
44842,"Scientific Data Analyst, Axios International - Powered By Qureos","Dubai - United Arab Emirates","Qureos",""
919890,"Data Analyst","Riyadh Saudi Arabia","Work in USA",""
508793,"Data Analytics Manager Jobs in Dubai","Dubai - United Arab Emirates","Majid Al Futtaim",""
760342,"Data Analyst","United Arab Emirates","PPOAR",""
219999,"Data Analysis Expert","Abu Dhabi - United Arab Emirates","Five Continents Technical & Industrial Services Est.",""
1403720,"Data Analyst","Dubai - United Arab Emirates","TASC Outsourcing",""
10132,"Data Analyst","Doha, Qatar","PPOAR",""
847341,"Data Intelligence Manager","Riyadh Saudi Arabia","Almosafer",""
148834,"Data Analyst","Doha, Qatar","Work in USA",""
1355446,"Creative Data Analyst Jobs in Dubai","Dubai - United Arab Emirates","TikTok",""
462229,"Data Analyst - Urgent","Dubai - United Arab Emirates","Majid Al Futtaim",""
1416754,"Data Analyst","Doha, Qatar","India Abroad",""
1750095,"Data Analyst","United Arab Emirates","Ecojob",""
1455575,"Data Management Analyst","Dubai - United Arab Emirates","Gulf Career Hunt",""
598877,"Data Analyst","United Arab Emirates","Work standard",""
1148620,"Data Governance Analyst","Doha, Qatar","Brunel",""
644119,"Livestream Business Data Analyst","Dubai - United Arab Emirates","TikTok",""
878268,"Commercial Analytics Officer","Doha, Qatar","Qatar Airways",""
1333337,"TRAINING DATA ANALYST Jobs In Dubai","Dubai - United Arab Emirates","Trans Skills LLC",""
632206,"Data Analyst","Riyadh Saudi Arabia","Avanta Works",""
436891,"Data Analyst","Doha, Qatar","Abroad Work",""
581,"Data Analyst","Riyadh Saudi Arabia","Jing Hau",""
1707952,"Data Analyst","Riyadh Saudi Arabia","Flyper",""
996080,"Data Analyst","Doha, Qatar","Ecojob",""
1033619,"BOUCHERON - Data Analyst F/H","Dubai - United Arab Emirates","Kering",""
508768,"Data Analyst","Dubai - United Arab Emirates","Work in USA",""
986852,"Data Analyst","Riyadh Saudi Arabia","Abroad Work",""
13805,"Data Analyst","United Arab Emirates","Work in USA",""
615180,"Applied Scientist","Abu Dhabi - United Arab Emirates","Group 42",""
52988,"Data Analyst","Riyadh Saudi Arabia","Want More",""
966006,"CRM Data Analyst intern - Chanel","United Arab Emirates","Talent Pal",""
1067386,"MFL-C (AFD) Data Analyst - ROSEN Group","Saudi Arabia","Talent Pal",""
465336,"Reporting Engineer","United Arab Emirates","TASC Outsourcing",""
5383,"Data Analyst","United Arab Emirates","Halian",""
1341231,"Data Analyst","Abu Dhabi - United Arab Emirates","JobCenter",""
1332207,"Data Analyst","Riyadh Saudi Arabia","Jing Hau",""
20319,"Data Analyst","Doha, Qatar","Avanta Works",""
935655,"Data Analyst","United Arab Emirates","JobCenter",""
265529,"Data Analyst","Riyadh Saudi Arabia","Workato",""
192283,"Data Analyst","Abu Dhabi - United Arab Emirates","Work standard",""
1341071,"Data Analytics","Abu Dhabi - United Arab Emirates","Five Continents Technical & Industrial Services Est.",""
337260,"Data Analyst","Abu Dhabi - United Arab Emirates","JobCenter",""
1078860,"Compliance Reporting Analyst","Abu Dhabi - United Arab Emirates","Halian",""
1452240,"Manager, Data","Saudi Arabia","NEOM",""
357611,"Data Analyst","Abu Dhabi - United Arab Emirates","ConFlip",""
429331,"Data Strategist Analyst","Dubai - United Arab Emirates","Accenture",""
440434,"Data Analyst","Ajman - United Arab Emirates","Ecojob",""
364439,"Data Analyst","Riyadh Saudi Arabia","Flyper",""
852425,"Data Analyst","Riyadh Saudi Arabia","PPOAR",""
99932,"Customer Analytics Associate","Dubai - United Arab Emirates","Majid Al Futtaim",""
63348,"Commercial Data Application Manager","Doha, Qatar","Qatar Airways",""
1574955,"Data Analyst","Doha, Qatar","Ecojob",""
751232,"Data Analyst","Doha, Qatar","Avanta Works",""
1052782,"Data Analyst | Light Production Control Center","Doha, Qatar","Qatar Airways",""
181003,"Data Analyst","Saudi Arabia","NEOM",""
727901,"Data Analyst Jobs in Dubai","Dubai - United Arab Emirates","Al Futtaim",""
1615753,"Analytics and Insights Manager","Dubai - United Arab Emirates","The Emirates Group",""
1155356,"Principal Data Analyst Jobs In Dubai | Emirates Group Careers","Dubai - United Arab Emirates","Talentscoutarabia",""
351100,"Data Analyst","Sharjah - United Arab Emirates","JobCenter",""
1415502,"Data Analyst","Riyadh Saudi Arabia","India Abroad",""
573893,"Data Analyst","Riyadh Saudi Arabia","Workato",""
251631,"Data Analyst","Dubai - United Arab Emirates","Ecojob",""
376971,"Data Analyst","Riyadh Saudi Arabia","PPOAR",""
1146503,"Product Data Analyst Jobs In Dubai United Arab Emirates 2023","Dubai - United Arab Emirates","Parsons",""
760220,"Data Analyst","Saudi Arabia","NEOM",""
200110,"Data Analyst","Dubai - United Arab Emirates","Caliberly",""
170294,"Data Analyst","Riyadh Saudi Arabia","Want More",""
1741101,"Data Analyst","Doha, Qatar","Workato",""
1136654,"Data analyst","United Arab Emirates","TASC Outsourcing",""
13977,"RCM Data Analyst Jobs In Dubai | Mediclinic Recruitment 2022","Dubai - United Arab Emirates","Talentscoutarabia",""
1215203,"RCM Data Analyst | Mediclinic","Dubai - United Arab Emirates","Talentscoutarabia",""
248436,"Data Analyst – Dubai Jobs In Dubai 2023","Dubai - United Arab Emirates","TikTok",""
74540,"HR Data Analyst","Abu Dhabi - United Arab Emirates","Farah Experiences",""
865163,"Data Analyst","Abu Dhabi - United Arab Emirates","Woopel",""
1657732,"Data Analyst","Umm Al Quwain - Umm Al Quawain - United Arab Emirates","India Abroad",""
847519,"Data Analyst","Riyadh Saudi Arabia","Flyper",""
955478,"Data Analyst","Fujairah - United Arab Emirates","Ecojob",""
173896,"Data Analyst","Dubai - United Arab Emirates","Work standard",""
381661,"Data Analyst","Riyadh Saudi Arabia","India Abroad",""
1585761,"Data Analyst","Doha, Qatar","ConFlip",""
63387,"Data Analyst","Abu Dhabi - United Arab Emirates","Women@work",""
1327642,"Data Protection Analyst Dubai UAE","Dubai - United Arab Emirates","Gulf Career Hunt",""
376562,"Data Analyst","Riyadh Saudi Arabia","PPOAR",""
985662,"Data Analyst","Doha, Qatar","Abroad Work",""
486030,"Data Analyst","United Arab Emirates","Majid Al Futtaim",""
734885,"Data Analyst","Abu Dhabi - United Arab Emirates","Agoda",""
1717286,"Data Analyst","Doha, Qatar","JobCenter",""
1658664,"Master Data Analyst","Saudi Arabia","Kitopi",""
452451,"Data Analyst","Doha, Qatar","Workato",""
1028864,"Data Analyst","United Arab Emirates","Want More",""
1683059,"Traffic Data Analyst Jobs in Dubai | Parsons","Dubai - United Arab Emirates","Parsons",""
706213,"Data Analyst","Doha, Qatar","Work corp",""
1558761,"CRM Data Analyst Jobs in Dubai 2022","Dubai - United Arab Emirates","Al Futtaim",""
1512802,"Data Analyst","Doha, Qatar","Want More",""
965608,"Data Analyst","Doha, Qatar","Flyper",""
1649424,"Lead Operations Data and Performance Analyst","Qatar","Talent Pal",""
82861,"Data Analyst","Doha, Qatar","Avanta Works",""
854360,"Data Analyst","Riyadh Saudi Arabia","Work corp",""
592655,"Data Science Practitioner Analyst","Abu Dhabi - United Arab Emirates","Accenture",""
1300692,"Data Admin & Data Analyst","Saudi Arabia","CareerMatch",""
881568,"Data Analyst","Doha, Qatar","Workato",""
647714,"Data Analyst","Abu Dhabi - United Arab Emirates","Want More",""
653563,"Data Analyst","Abu Dhabi - United Arab Emirates","Agoda",""
611801,"Data Analyst(Intern)","Dubai - United Arab Emirates","Accenture",""
640714,"Data Analyst","United Arab Emirates","ConFlip",""
1802388,"Data Analyst","United Arab Emirates","Work standard",""
877595,"Data Analyst","Dubai - United Arab Emirates","Kitopi",""
280952,"Data Analyst","Ras Al-Khaimah - Ras al Khaimah - United Arab Emirates","Avanta Works",""
1315333,"Data Science Practitioner Analyst","Dubai - United Arab Emirates","Accenture",""
1307239,"Data Architect","Qatar","Brunel",""
1171640,"Data/BI Analyst","Abu Dhabi - United Arab Emirates","Halian",""
1764137,"Data Analyst","Abu Dhabi - United Arab Emirates","Jing Hau",""
475559,"Data Analyst","Dubai - United Arab Emirates","Gulf Career Hunt",""
8901,"Technical Data Analytics Manager Jobs in Abu Dhabi","Abu Dhabi - United Arab Emirates","Etihad Airways",""
1654811,"HR Data Analyst","United Arab Emirates","Halian",""
1804612,"Data Analyst","Doha, Qatar","India Abroad",""
455650,"Sales Intern – Market Data Analyst","Riyadh Saudi Arabia","Women@work",""
1338186,"Data Architect","Qatar","Brunel",""
17110,"Data Analyst | Majid Al Futtaim","Dubai - United Arab Emirates","Talentscoutarabia",""
55073,"Traffic Data Analyst Jobs in Dubai","Dubai - United Arab Emirates","Parsons",""
1672859,"Data Analyst","Abu Dhabi - United Arab Emirates","Flyper",""
1279834,"Principal Data Analyst Jobs In Dubai","Dubai - United Arab Emirates","Talentscoutarabia",""
317716,"Junior Data Analyst","Dubai - United Arab Emirates","Talent Pal",""
1708065,"Data Analyst","Riyadh Saudi Arabia","ConFlip",""
1346071,"SAINT LAURENT – DATA ANALYST MEDIA","United Arab Emirates","Kering",""
1213327,"Head of Data Analytics and Digital Insights","Abu Dhabi - United Arab Emirates","Qureos",""
1063665,"Data Analyst","Ras Al-Khaimah - Ras al Khaimah - United Arab Emirates","Work in USA",""
1270093,"Data Analytics","Dubai - United Arab Emirates","Talent Pal",""
1730374,"Junior Data Analyst, OTCex Group - Powered By Qureos","Dubai - United Arab Emirates","Qureos",""
1611881,"Data Analyst","Doha, Qatar","Avanta Works",""
903915,"Data Analyst","Fujairah - United Arab Emirates","Flyper",""
241764,"Inventory Data Analyst, Five Continents Technical & Industrial...","Dubai - United Arab Emirates","Qureos",""
119598,"Data Analyst Jobs in Dubai","Dubai - United Arab Emirates","Al Futtaim",""
1331816,"Data Analyst","Abu Dhabi - United Arab Emirates","Work in USA",""
50178,"Data Analyst","Doha, Qatar","Want More",""
1218669,"Data Analyst","Al Ain - Abu Dhabi - United Arab Emirates","Abroad Work",""
867850,"Data Analyst","Riyadh Saudi Arabia","Ecojob",""
1690720,"Data Analyst","Riyadh Saudi Arabia","Workato",""
347353,"Data Analyst","Ajman - United Arab Emirates","JobLeader",""
225210,"Data Analyst, ROSEN Group - Powered By Qureos","Abu Dhabi - United Arab Emirates","Qureos",""
1234694,"Drivers Health Data Analyst","Dubai - United Arab Emirates","Trans Skills LLC",""
589449,"Data Analyst","Riyadh Saudi Arabia","Work in USA",""
600164,"Statistical Analyst Jobs In Sharjah UAE","Sharjah - United Arab Emirates","Agoda",""
5580,"Data Governance Analyst","Doha, Qatar","Brunel",""
1643917,"Reporting and Dashboard Analyst","Dubai - United Arab Emirates","TASC Outsourcing",""
280501,"Data Analyst","Doha, Qatar","Woopel",""
1239142,"Junior Data Analyst - 1 Solution Consulting","Dubai - United Arab Emirates","Talent Pal",""
582969,"Data Analyst","Doha, Qatar","Ecojob",""
1278604,"Data Analyst","Riyadh Saudi Arabia","Work in USA",""
1174322,"Medical Data Administrator","Dubai - United Arab Emirates","Talentscoutarabia",""
1606404,"Data Analyst Jobs In Abu Dhabi UAE","Abu Dhabi - United Arab Emirates","Agoda",""
770435,"Data Analytics","Saudi Arabia","NEOM",""
1115153,"Data Analyst","Riyadh Saudi Arabia","PPOAR",""
877022,"Data Analyst","Umm Al Quwain - Umm Al Quawain - United Arab Emirates","Ecojob",""
1823990,"Data Analyst","United Arab Emirates","JobLeader",""
1249428,"Data Analyst Jobs In Dubai UAE 2023","Dubai - United Arab Emirates","Caliberly",""
344648,"Data Analyst","Abu Dhabi - United Arab Emirates","Group 42",""
419051,"Data Analytics","Abu Dhabi - United Arab Emirates","Five Continents Technical & Industrial Services Est.",""
320644,"Data Analyst","United Arab Emirates","confidential",""
257764,"Data Analyst","Sharjah - United Arab Emirates","ConFlip",""
147356,"VCP Data Analyst & Operational Support, ManpowerGroup Middle East...","Dubai - United Arab Emirates","Qureos",""
1688035,"Data Analyst","Doha, Qatar","Work standard",""
1382803,"RCM Data Analyst Jobs In Dubai | Mediclinic Recruitment 2022","Dubai - United Arab Emirates","Talentscoutarabia",""
1422174,"Data Analyst","Doha, Qatar","Want More",""
837862,"Data & Analytics Architect","Dubai - United Arab Emirates","Accenture",""
125695,"Data Analyst","Riyadh Saudi Arabia","Work standard",""
348367,"Data Architect","Dubai - United Arab Emirates","Caliberly",""
147934,"Data Analyst","Doha, Qatar","Avanta Works",""
65041,"Principal Data Analyst Jobs In Dubai","Dubai - United Arab Emirates","Talentscoutarabia",""
1042821,"Data Analyst","Riyadh Saudi Arabia","Work standard",""
1437873,"Data Analyst","Riyadh Saudi Arabia","Flyper",""
1091181,"Agricultural Data Analyst - UAE, E20 Investment Ltd. - Powered By...","Dubai - United Arab Emirates","Qureos",""
500672,"Data Analyst","Doha, Qatar","PPOAR",""
24265,"Creative Data Analyst Jobs in Dubai","Dubai - United Arab Emirates","TikTok",""
283745,"Data/ai Analyst","Dubai - United Arab Emirates","Halian",""
1335096,"Data Analyst Trainee - Customer Analytics","United Arab Emirates","Chalhoub Group",""
831548,"Data Analyst","Dubai - United Arab Emirates","Majid Al Futtaim",""
1237506,"Data Analyst","Dubai - United Arab Emirates","ConFlip",""
1408055,"UAE National- Data Analyst","Dubai - United Arab Emirates","Al-Futtaim",""
148145,"Data Analyst","Doha, Qatar","JobCenter",""
280233,"Data Analyst","Riyadh Saudi Arabia","Abroad Work",""
489589,"Binance Accelerator Program - Junior Data Analyst","Anywhere","Binance",""
960834,"Data Analyst","Ras Al-Khaimah - Ras al Khaimah - United Arab Emirates","JobCenter",""
385268,"Data Analyst Jobs In Dubai UAE 2023","Dubai - United Arab Emirates","Al Futtaim",""
718754,"Data Analyst","Umm Al Quwain - Umm Al Quawain - United Arab Emirates","JobCenter",""
599373,"Statistical Analyst Jobs In Sharjah UAE","Sharjah - United Arab Emirates","Agoda",""
1750224,"Data Architect","United Arab Emirates","Almosafer",""
821231,"Data Analyst","Dubai - United Arab Emirates","PPOAR",""
1686392,"Data Developer Analyst","Dubai - United Arab Emirates","Deriv",""
1019788,"Majid Al Futtaim Carrefour Careers – Data Analytics Manager","Dubai - United Arab Emirates","Majid Al Futtaim",""
1572538,"Data Analyst","United Arab Emirates","ConFlip",""
73084,"Associate Data Analyst","Dubai - United Arab Emirates","Chalhoub Group",""
1387079,"LEAD DATA ANALYST /PMO/","Riyadh Saudi Arabia","Talent Pal",""
1084612,"Customer Analytics Associate","Dubai - United Arab Emirates","Majid Al Futtaim",""
470474,"Data Analyst","Doha, Qatar","Abroad Work",""
1461181,"Data Analyst Jobs In Dubai UAE 2023","Dubai - United Arab Emirates","Agoda",""
117046,"Data Analyst","Fujairah - United Arab Emirates","Work standard",""
853373,"Data Analyst","Dubai - United Arab Emirates","Woopel",""
689513,"Data Analyst","Fujairah - United Arab Emirates","Ecojob",""
986660,"Data Analyst","Riyadh Saudi Arabia","Ecojob",""
381142,"Data Analyst","United Arab Emirates","JobCenter",""
514988,"Data Analyst","Riyadh Saudi Arabia","JobLeader",""
918955,"Data Analyst","Riyadh Saudi Arabia","JobCenter",""
1225953,"Data Analyst","Doha, Qatar","Work standard",""
65806,"Data Analyst","Doha, Qatar","Ecojob",""
38530,"Data Analyst","Dubai - United Arab Emirates","Avanta Works",""
1179162,"Data Analyst","Dubai - United Arab Emirates","Avanta Works",""
406529,"Data Analyst","United Arab Emirates","Want More",""
245938,"Data Analyst","Doha, Qatar","Jing Hau",""
448945,"Data Analyst","Dubai - United Arab Emirates","ConFlip",""
918946,"TRAINING DATA ANALYST Jobs In Dubai | Trans Skills LLC","Dubai - United Arab Emirates","Trans Skills LLC",""
1478687,"Data Analyst","Riyadh Saudi Arabia","Work corp",""
1308006,"Data Analyst","Riyadh Saudi Arabia","Workato",""
124303,"Data Analytics & Management Expert","Saudi Arabia","NEOM",""
1204659,"Data Analyst","Dubai - United Arab Emirates","Deriv",""
1163714,"Data Analyst","Dubai - United Arab Emirates","Avanta Works",""
1005012,"Data Analyst","Abu Dhabi - United Arab Emirates","Flyper",""
981818,"Data Analyst","Doha, Qatar","Work corp",""
395373,"Data Analyst","Doha, Qatar","Want More",""
495104,"Creative Data Analyst Jobs in Dubai","Dubai - United Arab Emirates","TikTok",""
1635382,"BI/Data Analyst Jobs in Abu Dhabi","Abu Dhabi - United Arab Emirates","Farah Experiences",""
506610,"Data Analyst","Doha, Qatar","Want More",""
916075,"Market Research Analyst","Riyadh Saudi Arabia","Halian",""
1444759,"Data Analyst","United Arab Emirates","Work in USA",""
820872,"Data Analyst","Doha, Qatar","Jing Hau",""
389748,"Lead Data Analyst","Saudi Arabia","Talent Pal",""
78806,"Data Analyst","United Arab Emirates","Halian",""
1734647,"Data Analytics Manager","Dubai - United Arab Emirates","Majid Al Futtaim",""
385288,"Data Analyst","Fujairah - United Arab Emirates","JobLeader",""
822166,"Traffic Data Analyst Jobs in Dubai | Parsons","Dubai - United Arab Emirates","Parsons",""
203152,"Data Analyst","Abu Dhabi - United Arab Emirates","Work standard",""
914058,"Data Analyst","Doha, Qatar","Avanta Works",""
608112,"Data Analyst","Riyadh Saudi Arabia","Work standard",""
404400,"Data Analyst","Doha, Qatar","Work standard",""
484185,"Data Analyst","United Arab Emirates","Workato",""
1042182,"Data Ingestion/ Integration Analyst","Dubai - United Arab Emirates","Trans Skills LLC",""
385875,"Data Analyst","Dubai - United Arab Emirates","Avanta Works",""
435483,"Data Analyst","Abu Dhabi - United Arab Emirates","Avanta Works",""
746051,"Binance Accelerator Program - Junior Data Analyst","Dubai - United Arab Emirates","Binance",""
1330410,"Data Analyst - UAE Nationals Only - Johnson Controls","United Arab Emirates","Talent Pal",""
239446,"Data Analyst(Intern)","Dubai - United Arab Emirates","Accenture",""
364875,"Data Analyst","Dubai - United Arab Emirates","Women@work",""
271779,"Data Analyst","United Arab Emirates","JobLeader",""
327662,"Data Analyst","Riyadh Saudi Arabia","Ecojob",""
678895,"Data Analyst/Specialist","Dubai - United Arab Emirates","Gulf Career Hunt",""
849633,"Quality Data Professional","Saudi Arabia","NEOM",""
327638,"Data Analyst","Doha, Qatar","Workato",""
240718,"Data Analyst","United Arab Emirates","Avanta Works",""
284513,"Data Analyst Jobs in Abu Dhabi | Etihad Careers","Abu Dhabi - United Arab Emirates","Etihad Airways",""
1707012,"Data Analyst/administrator (saudi National)","Riyadh Saudi Arabia","Parsons",""
1269094,"Data Analyst, UDrive Jobs In Dubai","Dubai - United Arab Emirates","CareerMatch",""
680097,"Data Analyst","Doha, Qatar","PPOAR",""
1240241,"Data Analyst","Doha, Qatar","Work in USA",""
183041,"Data Analyst Trainee","Dubai - United Arab Emirates","TASC Outsourcing",""
1705558,"Logistics Data Analyst | KSA | Trilogilogistics | Riyadh - GMG","Riyadh Saudi Arabia","Qureos",""
1084025,"HR Data Analyst","Dubai - United Arab Emirates","Kitopi",""
732402,"Data Analyst","Abu Dhabi - United Arab Emirates","Group 42",""
570170,"Data Analyst","United Arab Emirates","JobCenter",""
1675856,"Senior People Data Analyst Jobs In Sharjah","Sharjah - United Arab Emirates","Agoda",""
1068701,"Applied Scientist- Healthcare","Abu Dhabi - United Arab Emirates","Group 42",""
879358,"Data Analyst","Doha, Qatar","Avanta Works",""
878808,"Data Analyst","Doha, Qatar","Work corp",""
1781836,"Mis Reporting Analyst","Dubai - United Arab Emirates","Al-Futtaim",""
1294657,"Data Analyst","Riyadh Saudi Arabia","Flyper",""
1360082,"Data Analyst","Riyadh Saudi Arabia","Woopel",""
1594140,"Data Analyst Jobs In Dubai | Majid Al Futtaim Recruitment 2022","Dubai - United Arab Emirates","Talentscoutarabia",""
1721241,"Data Analyst","Dubai - United Arab Emirates","TASC Outsourcing",""
904685,"Data Analyst","Doha, Qatar","Workato",""
2085,"Data Analyst","Abu Dhabi - United Arab Emirates","Woopel",""
910101,"Data Governance Analyst","Doha, Qatar","Brunel",""
517678,"Data Analyst","Riyadh Saudi Arabia","Jing Hau",""
527798,"Data Analyst","Abu Dhabi - United Arab Emirates","Group 42",""
1679275,"Uae National- Data Analyst","Dubai - United Arab Emirates","Al-Futtaim",""
901001,"Associate Data Analyst","Dubai - United Arab Emirates","Chalhoub Group",""
1374811,"Data Analyst","Dubai - United Arab Emirates","Kitopi",""
97256,"Data Analytics  and  AI Consultant","Riyadh Saudi Arabia","Accenture",""
1724645,"Majid Al Futtaim Careers 2023 | Data Analyst Jobs","Dubai - United Arab Emirates","Majid Al Futtaim",""
474888,"Data Analyst Jobs","Sharjah - United Arab Emirates","Air Arabia",""
1715210,"Data Analyst","Abu Dhabi - United Arab Emirates","Avanta Works",""
479538,"SAINT LAURENT Data Analyst Internship H/F","Dubai - United Arab Emirates","Kering",""
1321581,"Logistics Data Analyst 1(Planning)","Dubai - United Arab Emirates","Majid Al Futtaim",""
892866,"Data Governance Analyst","Doha, Qatar","Brunel",""
895614,"Data Analyst","Doha, Qatar","Abroad Work",""
2849,"Data Analyst (Supply Analytics team, Bangkok-based, Relocation...","Abu Dhabi - United Arab Emirates","Agoda",""
562689,"Associate Data Analyst","Dubai - United Arab Emirates","Chalhoub Group",""
6675,"Director Marketing Analytics Jobs In Dubai","Dubai - United Arab Emirates","Agoda",""
583238,"Data Analyst","Dubai - United Arab Emirates","Kitopi",""
436304,"Analytics and Insights Manager","Dubai - United Arab Emirates","Qureos",""
1361869,"Data Analyst","Dibba Al-Fujairah - Fujairah - United Arab Emirates","Jing Hau",""
1410328,"Data Analyst","Anywhere","Flyper",""
430454,"Data Analyst","Dubai - United Arab Emirates","Flyper",""
1289147,"RCM Data Analyst","Dubai - United Arab Emirates","Talentscoutarabia",""
1278395,"Data Analyst","Dubai - United Arab Emirates","TikTok",""
793652,"Data Analyst","Dubai - United Arab Emirates","Avanta Works",""
1774644,"Data Reporting Analyst","Doha, Qatar","Brunel",""
447122,"Reporting & Dashboard Analyst","Dubai - United Arab Emirates","TASC Outsourcing",""
914422,"Associate Analytics Manager","Dubai - United Arab Emirates","Kitopi",""
942102,"Data Analyst","Riyadh Saudi Arabia","JobLeader",""
711174,"Data Analyst","United Arab Emirates","Jing Hau",""
424698,"Data Analyst","Dubai - United Arab Emirates","Majid Al Futtaim",""
1034432,"Data Analyst","Dubai - United Arab Emirates","TASC Outsourcing",""
776516,"Data Analyst","Riyadh Saudi Arabia","Woopel",""
567920,"Data Analyst","Abu Dhabi - United Arab Emirates","JobLeader",""
1716476,"Inventory Data Analyst","Abu Dhabi - United Arab Emirates","Five Continents Technical & Industrial Services Est.",""
574328,"محلل بيانات Data analyst","Saudi Arabia","CareerMatch",""
36729,"Afc Data Analyst","Saudi Arabia","Talent Pal",""
1787550,"CRM Analytics Executive","Dubai - United Arab Emirates","Chalhoub Group",""
470866,"MFL-C (AFD) Data Analyst - ROSEN Group","Saudi Arabia","Talent Pal",""
111351,"Data Analyst Jobs in Sharjah | Air Arabia Careers","Sharjah - United Arab Emirates","Air Arabia",""
391342,"Data Analyst","Doha, Qatar","Flyper",""
548774,"HR Data Analyst","Dubai - United Arab Emirates","Kitopi",""
788148,"Data Analyst","Riyadh Saudi Arabia","Woopel",""
987818,"Data Analyst","Doha, Qatar","Work standard",""
1226927,"Data Analyst","United Arab Emirates","JobCenter",""
1329840,"Data Analyst","Riyadh Saudi Arabia","Flyper",""
1005540,"Data Analyst Jobs In Dubai UAE 2023 | Majid Al Futtaim","Dubai - United Arab Emirates","Majid Al Futtaim",""
1080374,"Digital Analyst","Dubai - United Arab Emirates","Majid Al Futtaim",""
1664404,"Data & Analytics Manager","Riyadh Saudi Arabia","beBee S SA",""
652283,"Data Analyst","Riyadh Saudi Arabia","Work corp",""
584060,"Data Analyst","Doha, Qatar","Ecojob",""
540654,"Data Analyst","Riyadh Saudi Arabia","Work in USA",""
870334,"Data Analyst","Doha, Qatar","Want More",""
1269852,"Logistics Data Analyst Ksa Trilogilogistics","Saudi Arabia","Talent Pal",""
326913,"Analytics Specialist","Dubai - United Arab Emirates","Agoda",""
35576,"Data Analyst","Dubai - United Arab Emirates","Women@work",""
1725003,"Market Research Analyst- Data Analysis, UHRS - Powered By Qureos","Sharjah - United Arab Emirates","Qureos",""
957077,"Data Architect","Saudi Arabia","Halian",""
825090,"DATA ANALYST (Hadoop, Python, SQL), Virtua Advanced...","Dubai - United Arab Emirates","Qureos",""
1029041,"Data Analyst/ Senior Data Analyst (Statistics/Python/BI...","Doha, Qatar","Agoda",""
1653043,"Data Analyst, Lime Concepts - Powered By Qureos","Dubai - United Arab Emirates","Qureos",""
260268,"Data Analyst","United Arab Emirates","Flyper",""
1506933,"Data Analyst","Dubai - United Arab Emirates","Chalhoub Group",""
415652,"Data Analyst/administrator","Riyadh Saudi Arabia","Parsons",""
1020,"Data Developer Analyst","Dubai - United Arab Emirates","Deriv",""
726854,"Finance & Procurement Data Analyst – Storylines Jobs In Dubai UAE...","Dubai - United Arab Emirates","CareerMatch",""
9017,"Data Analyst","Riyadh Saudi Arabia","Work in USA",""
354044,"Data Analyst","Riyadh Saudi Arabia","Avanta Works",""
1507634,"Data Analyst Manager Jobs in Dubai","Dubai - United Arab Emirates","Binance",""
426487,"Data Analyst","Riyadh Saudi Arabia","Work corp",""
1702414,"Systems Data Analyst","Abu Dhabi - United Arab Emirates","Etihad Airways",""
1559646,"Data Analyst","Riyadh Saudi Arabia","Ecojob",""
943830,"Data Analyst","United Arab Emirates","India Abroad",""
192151,"Data Analyst","Umm Al Quwain - Umm Al Quawain - United Arab Emirates","Flyper",""
929050,"Data Analyst Manager Jobs In Dubai UAE 2023","Dubai - United Arab Emirates","Binance",""
1249724,"Data Analyst Jobs In Dubai","Dubai - United Arab Emirates","Talentscoutarabia",""
658718,"Data Analyst","Riyadh Saudi Arabia","JobCenter",""
310373,"BI Data Analyst/Developer - Saudi National - WSP","Saudi Arabia","Talent Pal",""
799594,"Data Analyst","Doha, Qatar","India Abroad",""
757942,"Data Analyst","Riyadh Saudi Arabia","Work in USA",""
464367,"Data Analyst","Dubai - United Arab Emirates","Kitopi",""
8524,"Data Analyst","Doha, Qatar","Work standard",""
1159970,"Data Analyst","Dibba Al-Fujairah - Fujairah - United Arab Emirates","ConFlip",""
291483,"Data Analyst","Riyadh Saudi Arabia","Abroad Work",""
431626,"Data Analyst","Dubai - United Arab Emirates","Caliberly",""
1177553,"Analytics Product Owner | Data Insights Jobs","Dubai - United Arab Emirates","The Emirates Group",""
1502754,"DATA ANALYST (Hadoop, Python, SQL)","Dubai - United Arab Emirates","Trans Skills LLC",""
1300835,"Data Analyst","Doha, Qatar","PPOAR",""
1361045,"Data Analyst","Doha, Qatar","Abroad Work",""
1653392,"CRM Data Analyst Jobs in Dubai 2022","Dubai - United Arab Emirates","Al Futtaim",""
342118,"Data Analyst","Abu Dhabi - United Arab Emirates","Workato",""
452685,"Data Analyst","Dubai - United Arab Emirates","Deriv",""
706880,"Data Analytics Officer","Dubai - United Arab Emirates","The Emirates Group",""
185022,"Data Analyst","Dubai - United Arab Emirates","India Abroad",""
646776,"Data Analyst Jobs in Abu Dhabi","Abu Dhabi - United Arab Emirates","Etihad Airways",""
51153,"Data Analyst","United Arab Emirates","TASC Outsourcing",""
1799957,"Data Analyst","Dubai - United Arab Emirates","Kitopi",""
1790594,"Data Analyst","Doha, Qatar","Want More",""
474087,"Data Analyst","Riyadh Saudi Arabia","Avanta Works",""
514504,"SAINT LAURENT Data Analyst Internship H/F","United Arab Emirates","Kering",""
613976,"Data Analyst","Ajman - United Arab Emirates","Abroad Work",""
463275,"Data Analyst Intern, Baraka - Powered By Qureos","Dubai - United Arab Emirates","Qureos",""
168247,"Data Analyst","Riyadh Saudi Arabia","India Abroad",""
1156095,"Data/BI Analyst","Abu Dhabi - United Arab Emirates","Halian",""
1010391,"Data Analyst/محلل بيانات - Group 42","Saudi Arabia","Talent Pal",""
344592,"Creative Data Analyst Jobs In Dubai | TikTok","Dubai - United Arab Emirates","TikTok",""
654046,"Data Analyst","Doha, Qatar","ConFlip",""
733939,"Data Analyst","United Arab Emirates","PPOAR",""
1315413,"Data Analyst","Dubai - United Arab Emirates","Deriv",""
62717,"Data Analyst","Abu Dhabi - United Arab Emirates","JobCenter",""
178628,"Research Analyst - Public Sector","Abu Dhabi - United Arab Emirates","Qureos",""
1695039,"Data Analyst Jobs | Air Arabia Jobs in Sharjah 2022","Sharjah - United Arab Emirates","Air Arabia",""
1128379,"Data Analyst","Doha, Qatar","Workato",""
200132,"Data Analyst","United Arab Emirates","Majid Al Futtaim",""
1589091,"Data Analyst - Meal Plans","Dubai - United Arab Emirates","Kitopi",""
1823288,"Data Analyst","Ajman - United Arab Emirates","Ecojob",""
198783,"Data Analyst","Dubai - United Arab Emirates","Majid Al Futtaim",""
1801215,"Data Analytics Manager","Dubai - United Arab Emirates","Majid Al Futtaim",""
1325004,"Data Analyst","Doha, Qatar","PPOAR",""
1109381,"Data Analyst – Commercial Jobs in Dubai","Dubai - United Arab Emirates","Chalhoub Group",""
1311925,"Lead Operations Data and Performance Analyst","Doha, Qatar","Qatar Airways",""
307009,"Master Data Analyst, Raqmiyat","Dubai - United Arab Emirates","CareerMatch",""
1746103,"Data Analyst Jobs In Dubai UAE 2023 | Majid Al Futtaim","Dubai - United Arab Emirates","Majid Al Futtaim",""
106545,"Assoc. Manager-data Analytics","Dubai - United Arab Emirates","Majid Al Futtaim",""
764147,"Data Analyst","Dubai - United Arab Emirates","Binance",""
1804742,"Pricing Analyst - Data Analytics","Dubai - United Arab Emirates","Al-Futtaim",""
52525,"Data Analyst","Riyadh Saudi Arabia","Flyper",""
23679,"Data Analyst","Sharjah - United Arab Emirates","Abroad Work",""
503432,"Data Analyst","Doha, Qatar","Work standard",""
1415125,"Data Analyst Jobs In Abu Dhabi UAE","Abu Dhabi - United Arab Emirates","Agoda",""
1597049,"Data Analyst Jobs In Sharjah","Sharjah - United Arab Emirates","Agoda",""
1309195,"Data Analyst","Dibba Al-Fujairah - Fujairah - United Arab Emirates","Work standard",""
924330,"Data Analyst","Riyadh Saudi Arabia","JobLeader",""
1168822,"Data Analyst","Dubai - United Arab Emirates","Chalhoub Group",""
1356542,"Digital Analyst Jobs in Dubai","Dubai - United Arab Emirates","The Emirates Group",""
23580,"Data Analyst, Strategic Partnerships( Bangkok based)","Dubai - United Arab Emirates","Agoda",""
81302,"Binance Accelerator Program - Junior Data Analyst","Anywhere","Binance",""
826644,"Data Analyst","Doha, Qatar","Want More",""
482936,"Data Analyst","Sharjah - United Arab Emirates","Work corp",""
291199,"Data Analyst","Jeddah Saudi Arabia","beBee S SA",""
54301,"Data Analyst Trainee","Dubai - United Arab Emirates","Chalhoub Group",""
1674690,"Data Analyst","Riyadh Saudi Arabia","ConFlip",""
1703764,"Data Analyst","Doha, Qatar","PPOAR",""
123563,"Data Analyst","Riyadh Saudi Arabia","India Abroad",""
104107,"Applied Scientist","Abu Dhabi - United Arab Emirates","Group 42",""
180764,"Data Analyst","Al Khobar Saudi Arabia","Talent Pal",""
1581798,"Data Analyst","Fujairah - United Arab Emirates","ConFlip",""
1336244,"Data Analyst","Al Ain - Abu Dhabi - United Arab Emirates","Work corp",""
951797,"Data Analyst - Meal Plans","Dubai - United Arab Emirates","Kitopi",""
1387464,"TR Analyst","Dubai - United Arab Emirates","Al-Futtaim",""
1693139,"Data Analyst","Ajman - United Arab Emirates","Avanta Works",""
1346396,"Data Analyst","Doha, Qatar","Jing Hau",""
337781,"Data Analyst","Doha, Qatar","India Abroad",""
343741,"Data Analyst, Kitopi","Dubai - United Arab Emirates","CareerMatch",""
1179281,"Associate Data Analyst - Logistics","Dubai - United Arab Emirates","Chalhoub Group",""
1437125,"Data Analyst","Dubai - United Arab Emirates","Abroad Work",""
1211235,"Data Analyst Jobs In Dubai","Dubai - United Arab Emirates","Talentscoutarabia",""
1740807,"Data & Analytics Manager Jobs In Dubai | dentsu Careers UAE","Dubai - United Arab Emirates","Talentscoutarabia",""
1631446,"Data Analyst - Mace","Saudi Arabia","Talent Pal",""
442396,"Data Analyst(Intern)","Abu Dhabi - United Arab Emirates","Accenture",""
327336,"Data Analyst","Doha, Qatar","Want More",""
96690,"Data Analyst","Doha, Qatar","Want More",""
1644177,"Data Analyst","Dubai - United Arab Emirates","JobCenter",""
982924,"Data Analyst","Abu Dhabi - United Arab Emirates","Work in USA",""
1651709,"Junior Data Analyst","United Arab Emirates","confidential",""
790722,"Data Analyst","Dubai - United Arab Emirates","Work in USA",""
1054009,"Account Assistant/Data Entry","Abu Dhabi - United Arab Emirates","Gulf Career Hunt",""
860261,"Data Analyst","Ajman - United Arab Emirates","PPOAR",""
1802969,"Data Analytics Expert","Abu Dhabi - United Arab Emirates","Halian",""
195258,"Data Analyst","Ajman - United Arab Emirates","Ecojob",""
1191090,"Data Analyst","Riyadh Saudi Arabia","Work standard",""
1294356,"Sales Data Analyst","Riyadh Saudi Arabia","beBee S SA",""
34010,"Data Analyst","Doha, Qatar","Ecojob",""
497306,"Data Analyst","Dubai - United Arab Emirates","Caliberly",""
88042,"Data Analyst","Doha, Qatar","Avanta Works",""
1346255,"Data Analyst","Doha, Qatar","Woopel",""
574294,"Data Analyst","Riyadh Saudi Arabia","Avanta Works",""
1161618,"Data Analyst","Umm Al Quwain - Umm Al Quawain - United Arab Emirates","JobCenter",""
1076946,"Data Analyst","Riyadh Saudi Arabia","PPOAR",""
1068243,"Data Analyst - Artefact","Saudi Arabia","Talent Pal",""
427018,"Data Analyst","Doha, Qatar","Work corp",""
1038413,"Business Intelligence Engineer","Al Khobar Saudi Arabia","Talent Pal",""
1692831,"Data Analyst Manager Jobs in Dubai","Dubai - United Arab Emirates","Binance",""
45110,"Data Analyst","Saudi Arabia","beBee S SA",""
1491120,"Data Analyst","Riyadh Saudi Arabia","ConFlip",""
980991,"Finance & Procurement Data Analyst - Storylines","Dubai - United Arab Emirates","CareerMatch",""
1730384,"Data Analyst","Dubai - United Arab Emirates","Work corp",""
773513,"Data Analyst","Riyadh Saudi Arabia","PPOAR",""
1153317,"Data Analyst","Abu Dhabi - United Arab Emirates","Want More",""
56497,"Data Analyst","Doha, Qatar","Abroad Work",""
931276,"Data Analyst","Abu Dhabi - United Arab Emirates","Ecojob",""
1642742,"Data Management Analyst Dubai UAE","Dubai - United Arab Emirates","Gulf Career Hunt",""
81251,"Data Analyst","Doha, Qatar","Want More",""
12913,"Data Analyst","Sharjah - United Arab Emirates","Workato",""
812052,"Data Analyst","Abu Dhabi - United Arab Emirates","Ecojob",""
1289020,"Data Analyst","Doha, Qatar","Want More",""
869778,"Data Analyst","Riyadh Saudi Arabia","Flyper",""
43273,"Data Analyst","Ajman - United Arab Emirates","ConFlip",""
1379863,"Data Analyst","Doha, Qatar","Woopel",""
676034,"Data Analyst","Saudi Arabia","Parsons",""
893692,"LEAD DATA ANALYST (PMO) - Smiths Group","Saudi Arabia","Talent Pal",""
174367,"Data Analyst","Riyadh Saudi Arabia","Workato",""
53948,"Data Analyst","Al Ain - Abu Dhabi - United Arab Emirates","Ecojob",""
265918,"Data Analyst","Fujairah - United Arab Emirates","Ecojob",""
470762,"Data Analyst BIM - Parsons","Saudi Arabia","Talent Pal",""
1019881,"Data Analyst","Riyadh Saudi Arabia","JobCenter",""
226360,"Data Analyst","Dubai - United Arab Emirates","Chalhoub Group",""
629171,"Data Analyst","Riyadh Saudi Arabia","Workato",""
569019,"Data Analyst Intern - Alpin Limited","United Arab Emirates","CareerMatch",""
398464,"Data Analytics","Abu Dhabi - United Arab Emirates","Five Continents Technical & Industrial Services Est.",""
558691,"Data Analyst","United Arab Emirates","ConFlip",""
367240,"Data Analyst","Riyadh Saudi Arabia","Ecojob",""
1351835,"Data Analyst Manager Jobs in Dubai","Dubai - United Arab Emirates","Binance",""
7628,"Data Analyst","Sharjah - United Arab Emirates","Want More",""
1461402,"Data Analyst","Doha, Qatar","Work in USA",""
1391688,"Data Analyst","United Arab Emirates","confidential",""
1023418,"Data Analytics (Analyst)","Abu Dhabi - United Arab Emirates","Five Continents Technical & Industrial Services Est.",""
394343,"Data Analyst","United Arab Emirates","Avanta Works",""
1626376,"Data Analyst","Dubai - United Arab Emirates","Majid Al Futtaim",""
1772216,"Data Analyst","Doha, Qatar","Work corp",""
605777,"Data Analyst Jobs In Sharjah","Sharjah - United Arab Emirates","Agoda",""
1376300,"Data Analyst","Dubai - United Arab Emirates","Halian",""
830416,"Data Analytics Manager","Dubai - United Arab Emirates","Women@work",""
338265,"Data Analyst","Doha, Qatar","Abroad Work",""
343145,"BI/Data Analyst Jobs in Abu Dhabi","Abu Dhabi - United Arab Emirates","Farah Experiences",""
1629955,"Associate Manager- Data Analytics Jobs in Dubai | UAE Jobs 2022","Dubai - United Arab Emirates","Majid Al Futtaim",""
790341,"Data Analyst","Riyadh Saudi Arabia","Work standard",""
320192,"Data Analyst","Dubai - United Arab Emirates","Caliberly",""
521,"Creative Data Analyst (CST)","Dubai - United Arab Emirates","TikTok",""
983954,"Data Analyst","Riyadh Saudi Arabia","Avanta Works",""
1004648,"Data & AI Analyst - Digitalization","Saudi Arabia","beBee S SA",""
771153,"Data Analyst - Dubai Jobs In Dubai 2023 | TikTok","Dubai - United Arab Emirates","TikTok",""
48535,"Data Analyst","Riyadh Saudi Arabia","JobLeader",""
1613725,"Data Analyst","Fujairah - United Arab Emirates","PPOAR",""
36755,"Data Analyst","Riyadh Saudi Arabia","Ecojob",""
1108280,"Data Analyst","Abu Dhabi - United Arab Emirates","JobCenter",""
1593199,"Data Analyst","Doha, Qatar","India Abroad",""
1105466,"Data analyst","Dubai - United Arab Emirates","Halian",""
804992,"Data Analyst - Majid al Futtaim Properties","Dubai - United Arab Emirates","Talent Pal",""
1205104,"Data Strategy Associate","Abu Dhabi - United Arab Emirates","Five Continents Technical & Industrial Services Est.",""
1280092,"Data Analyst","Doha, Qatar","India Abroad",""
418065,"Data Analyst","Riyadh Saudi Arabia","Abroad Work",""
1019346,"Reporting & Dashboard Analyst","Dubai - United Arab Emirates","TASC Outsourcing",""
6937,"Data Analyst","Dubai - United Arab Emirates","Kitopi",""
1020355,"Data Analyst","United Arab Emirates","ConFlip",""
1730139,"Junior Data Analyst, OTCex Group","Dubai - United Arab Emirates","CareerMatch",""
264688,"Data Analyst | Careers","Sharjah - United Arab Emirates","Air Arabia",""
923323,"Data Analyst","Doha, Qatar","Abroad Work",""
1717992,"Data Analyst","Dubai - United Arab Emirates","Ecojob",""
469078,"Data Analyst","Abu Dhabi - United Arab Emirates","Want More",""
439775,"Logistics Data Analyst 1(Planning)","Dubai - United Arab Emirates","Majid Al Futtaim",""
283896,"Data Analyst","Doha, Qatar","Flyper",""
1214063,"Lead Data Analyst","Dubai - United Arab Emirates","The Emirates Group",""
990247,"Data Analyst","Riyadh Saudi Arabia","ConFlip",""
236123,"Marketing Data Analyst","Dubai - United Arab Emirates","Deriv",""
1647584,"Data Analyst","Dubai - United Arab Emirates","The Emirates Group",""
1199999,"Data Analyst","Doha, Qatar","Avanta Works",""
12061,"Data Analyst","Doha, Qatar","Work corp",""
1533611,"Data Analyst - Artefact - Collaborative Environment","Riyadh Saudi Arabia","Talent Pal",""
1212048,"Associate Data Analyst - Operations","Dubai - United Arab Emirates","Chalhoub Group",""
689536,"Data Analyst","Dubai - United Arab Emirates","Chalhoub Group",""
1060563,"Data Analyst","Saudi Arabia","Talent Pal",""
856831,"Systems Data Analyst","Abu Dhabi - United Arab Emirates","Etihad Airways",""
36205,"Data Analyst","Doha, Qatar","Abroad Work",""
770664,"Data Analyst","Doha, Qatar","India Abroad",""
1283831,"Data Analyst","Doha, Qatar","Abroad Work",""
745453,"Manager - Data Analytics","Dubai - United Arab Emirates","Majid Al Futtaim",""
192087,"Data Analyst Manager","Dubai - United Arab Emirates","Binance",""
442216,"Data Analyst Manager","Dubai - United Arab Emirates","Binance",""
1348474,"Customer Insights Analyst","Dubai - United Arab Emirates","Agoda",""
1172496,"Logistics Data Analyst 1(Planning)","Dubai - United Arab Emirates","Majid Al Futtaim",""
70546,"Lead Data Analyst","Riyadh Saudi Arabia","Almosafer",""
446608,"Data Analyst","Doha, Qatar","Want More",""
841176,"Data Analytics Reporting Manager","Saudi Arabia","NEOM",""
218487,"Data Analyst","Abu Dhabi - United Arab Emirates","Etihad Airways",""
466932,"Etihad Careers – Flight Safety Data Analyst","Dubai - United Arab Emirates","Etihad Airways",""
859745,"Data Architect","Dubai - United Arab Emirates","Women@work",""
294887,"Data Analyst","Riyadh Saudi Arabia","Workato",""
1190639,"Data Analyst","United Arab Emirates","TASC Outsourcing",""
651231,"Data Analyst","Dubai - United Arab Emirates","Kitopi",""
452367,"Associate Data Analyst","Dubai - United Arab Emirates","Chalhoub Group",""
1716496,"Reporting Engineer","Riyadh Saudi Arabia","Parsons",""
215561,"RCM Data Analyst Jobs In Dubai | Mediclinic Recruitment 2022","Dubai - United Arab Emirates","Talentscoutarabia",""
66388,"Emea Advanced Data Analyst","Dubai - United Arab Emirates","Qureos",""
1656327,"Data Analyst, Al Futtaim Group - Powered By Qureos","Abu Dhabi - United Arab Emirates","Qureos",""
1215747,"Data Analyst","Riyadh Saudi Arabia","Workato",""
582972,"Data Analyst","Doha, Qatar","Work in USA",""
1587409,"KERING Finance Data Analyst-D&A","United Arab Emirates","Kering",""
1247467,"Finance & Procurement Data Analyst – Storylines UAE","Anywhere","CareerMatch",""
993133,"Data Analyst","Umm Al Quwain - Umm Al Quawain - United Arab Emirates","Woopel",""
660291,"Data Analyst","Doha, Qatar","Ecojob",""
772650,"Data Analyst","Dubai - United Arab Emirates","Avanta Works",""
1423,"Data Analyst","Doha, Qatar","JobLeader",""
377451,"HR Data Analyst","United Arab Emirates","Halian",""
538971,"Data Analyst","Riyadh Saudi Arabia","Ecojob",""
526715,"Data Analyst","Abu Dhabi - United Arab Emirates","Abroad Work",""
140682,"Associate Data Analyst - Logistics","Dubai - United Arab Emirates","Chalhoub Group",""
293135,"Data Analyst","Doha, Qatar","Avanta Works",""
930885,"Data Analyst","Doha, Qatar","JobCenter",""
1546802,"Data Analyst","Riyadh Saudi Arabia","Workato",""
1597087,"Data Analyst - RTC-1 Employment Services","Dubai - United Arab Emirates","Talent Pal",""
256569,"Associate Manager- Data Analytics Jobs in Dubai","Dubai - United Arab Emirates","Majid Al Futtaim",""
1027076,"Data Analyst Jobs In Dubai UAE 2023","Dubai - United Arab Emirates","Agoda",""
327855,"Commercial Analytics Officer","Doha, Qatar","Qatar Airways",""
1796024,"IT Analyst-DC","Riyadh Saudi Arabia","beBee S SA",""
1277361,"Data Analyst","Riyadh Saudi Arabia","Abroad Work",""
216790,"Data Analyst","Ras Al-Khaimah - Ras al Khaimah - United Arab Emirates","Work corp",""
887732,"Data Analyst","Dubai - United Arab Emirates","JobCenter",""
462944,"saint laurent – data analyst media","Dubai - United Arab Emirates","Kering",""
1131334,"Data Analyst Jobs In Dubai UAE | Majid Al Futtaim","Dubai - United Arab Emirates","Majid Al Futtaim",""
191440,"Data Analyst","Dubai - United Arab Emirates","Abroad Work",""
764893,"Data Analyst(Intern)","Dubai - United Arab Emirates","Accenture",""
716971,"Data Analyst","United Arab Emirates","PPOAR",""
66219,"Data Analysis Expert","Abu Dhabi - United Arab Emirates","Five Continents Technical & Industrial Services Est.",""
964921,"Data Analyst","Abu Dhabi - United Arab Emirates","Work standard",""
191527,"Data Analyst","Doha, Qatar","Avanta Works",""
384928,"Data Analyst","Dubai - United Arab Emirates","Binance",""
1581681,"Data Analyst","United Arab Emirates","PPOAR",""
1227671,"Data Analyst, UDrive Jobs In Dubai","Dubai - United Arab Emirates","CareerMatch",""
568697,"Data Analyst","Riyadh Saudi Arabia","PPOAR",""
341451,"Data Analyst","United Arab Emirates","Work corp",""
283217,"Data Analyst, Reach Employment Services - Powered By Qureos","Dubai - United Arab Emirates","Qureos",""
22689,"Data Analyst","Fujairah - United Arab Emirates","PPOAR",""
6806,"Data Analyst","Riyadh Saudi Arabia","Jing Hau",""
55190,"Data Analyst","Doha, Qatar","Abroad Work",""
727959,"Data Analyst","Riyadh Saudi Arabia","Flyper",""
87196,"Customer Insights Analyst","Dubai - United Arab Emirates","Agoda",""
809032,"Data Analyst","Riyadh Saudi Arabia","Work corp",""
707334,"Data Analyst","Ras Al-Khaimah - Ras al Khaimah - United Arab Emirates","Avanta Works",""
521087,"Data Analyst","Doha, Qatar","Workato",""
503337,"Data Analyst","Dubai - United Arab Emirates","Abroad Work",""
831679,"SAINT LAURENT Data Analyst Internship H/F","Dubai - United Arab Emirates","Kering",""
1328553,"Data Analyst","United Arab Emirates","Want More",""
1294842,"Skywards Data Analyst","Dubai - United Arab Emirates","The Emirates Group",""
1361209,"Data Analyst","Doha, Qatar","Want More",""
96190,"Data Analyst - Water Networks","Saudi Arabia","NEOM",""
973561,"Data Analyst","Dubai - United Arab Emirates","Halian",""
492834,"Data Analyst","Doha, Qatar","Work corp",""
385550,"Product Owner- Data","Saudi Arabia","Halian",""
935701,"Data Analyst","Riyadh Saudi Arabia","India Abroad",""
587533,"Data Analyst Jobs in Sharjah | Air Arabia","Sharjah - United Arab Emirates","Air Arabia",""
1791115,"Data Analyst","United Arab Emirates","confidential",""
883431,"Data Analyst","Dubai - United Arab Emirates","TikTok",""
237295,"Data Analyst","Doha, Qatar","Work standard",""
1214408,"Data Analyst","Doha, Qatar","ConFlip",""
494226,"Analyst Data Science I5","Al Khobar Saudi Arabia","Talent Pal",""
1706374,"Internal Audit Systems and Data Analytics Manager","Dubai - United Arab Emirates","The Emirates Group",""
1424341,"Finance & Procurement Data Analyst, Storylines - Powered By Qureos","Dubai - United Arab Emirates","Qureos",""
308280,"Data Governance Analyst","Doha, Qatar","Brunel",""
1718084,"Data Analyst","United Arab Emirates","Work corp",""
429445,"Data Analyst","Dibba Al-Hisn - Sharjah - United Arab Emirates","Work standard",""
773113,"Data Analyst","Doha, Qatar","India Abroad",""
1380517,"Data Analyst","Doha, Qatar","Woopel",""
407658,"Data Analyst","United Arab Emirates","Majid Al Futtaim",""
835014,"Data Analyst","Riyadh Saudi Arabia","JobLeader",""
474675,"HR Data Analyst","Saudi Arabia","NEOM",""
1076124,"Data Analyst","Doha, Qatar","Woopel",""
733064,"BI/Data Analyst Jobs in Abu Dhabi","Abu Dhabi - United Arab Emirates","Farah Experiences",""
1084343,"Associate Manager- Data Analytics Jobs in Dubai","Dubai - United Arab Emirates","Majid Al Futtaim",""
1157341,"Data Analyst","Doha, Qatar","JobLeader",""
1030258,"Analytical Data Lead","Dubai - United Arab Emirates","Halian",""
980198,"RCM Data Analyst Jobs In Dubai | Mediclinic Recruitment 2022","Dubai - United Arab Emirates","Talentscoutarabia",""
316894,"Data Analyst","Doha, Qatar","Jing Hau",""
83531,"Uae National- Data Analyst","Dubai - United Arab Emirates","Al-Futtaim",""
866147,"Data Analyst","Sharjah - United Arab Emirates","India Abroad",""
884599,"CRM Data Analyst","Dubai - United Arab Emirates","Chalhoub Group",""
68011,"Data Analyst, UDrive Jobs In Dubai","Dubai - United Arab Emirates","CareerMatch",""
244068,"Data Analyst Jobs in Sharjah","Sharjah - United Arab Emirates","Air Arabia",""
1204079,"Data Analyst","United Arab Emirates","Jing Hau",""
965174,"Data Analyst","Doha, Qatar","Abroad Work",""
24411,"Data Analyst - Mace","Saudi Arabia","Talent Pal",""
388483,"Data Analyst","Abu Dhabi - United Arab Emirates","Group 42",""
609662,"Data Analyst","Sharjah - United Arab Emirates","Avanta Works",""
866648,"Head of Strategy, policymaking and data analytics","Saudi Arabia","NEOM",""
6063,"Data Analyst (Billing Specialist) - Parsons","Saudi Arabia","Talent Pal",""
1473225,"Data Analyst","Abu Dhabi - United Arab Emirates","ConFlip",""
847290,"Data Analyst","Doha, Qatar","Flyper",""
819622,"Data Analyst","Riyadh Saudi Arabia","Jing Hau",""
1320454,"Team Lead Data","United Arab Emirates","Halian",""
548086,"Data Analyst","Doha, Qatar","Abroad Work",""
787551,"Systems & Data Analyst","Dubai - United Arab Emirates","Qureos",""
1768686,"Data Analyst","Riyadh Saudi Arabia","ConFlip",""
900161,"Data Analyst","Riyadh Saudi Arabia","PPOAR",""
562719,"Dubai Data Analyst Job for Indian","Dubai - United Arab Emirates","Kitopi",""
1536824,"Data Analyst","Riyadh Saudi Arabia","Flyper",""
98152,"Data Analyst","Riyadh Saudi Arabia","ConFlip",""
19292,"Data Analyst","Riyadh Saudi Arabia","Work corp",""
340472,"Supply & Inventory Planner - Data Analytics","Dubai - United Arab Emirates","Al-Futtaim",""
323663,"Data Analyst","Riyadh Saudi Arabia","Workato",""
829852,"Data Analyst","Dubai - United Arab Emirates","Almosafer",""
32024,"Analytics Manager","Dubai - United Arab Emirates","Binance",""
155424,"Data Analyst","Abu Dhabi - United Arab Emirates","Etihad Airways",""
1306738,"Data Analyst","Riyadh Saudi Arabia","Jing Hau",""
1011351,"Data Analyst – Arabic Speaker","Dubai - United Arab Emirates","Caliberly",""
211628,"Data Analytics Reporting Manager","Riyadh Province Saudi Arabia","NEOM",""
33685,"Data Analyst","Abu Dhabi - United Arab Emirates","Workato",""
439741,"Chalhoub Careers Dubai | Associate Data Analyst – Customer Job","Dubai - United Arab Emirates","Chalhoub Group",""
902031,"Data Analyst","Sharjah - United Arab Emirates","Want More",""
435002,"Lead Data Analyst","Riyadh Saudi Arabia","Almosafer",""
1109538,"Data Analyst, UDrive Jobs In Dubai | CareerMatch","Dubai - United Arab Emirates","CareerMatch",""
433781,"INTERNAL COMMUNICATION ANALYST/محلل الاتصالات الداخلية","Riyadh Saudi Arabia","Talent Pal",""
52001,"Finance & Procurement Data Analyst – Storylines Jobs In Dubai UAE...","Dubai - United Arab Emirates","CareerMatch",""
231931,"Data Analyst","Riyadh Saudi Arabia","ConFlip",""
1666949,"Data Analyst","Doha, Qatar","PPOAR",""
1249779,"Data Analyst","Riyadh Saudi Arabia","Abroad Work",""
1512875,"Data Analyst","Doha, Qatar","PPOAR",""
563595,"Marketing Data Analyst","Dubai - United Arab Emirates","Deriv",""
82886,"Data Analyst, GTS Corporate - Powered By Qureos","Dubai - United Arab Emirates","Qureos",""
774954,"Data Analyst","Riyadh Saudi Arabia","Work in USA",""
1709455,"Data Quality Manager","Abu Dhabi - United Arab Emirates","Five Continents Technical & Industrial Services Est.",""
639637,"Data Analyst","Riyadh Saudi Arabia","PPOAR",""
1331424,"Data Analyst","Abu Dhabi - United Arab Emirates","Work corp",""
87031,"Data Analyst Trainee","Dubai - United Arab Emirates","TASC Outsourcing",""
491514,"Data Analyst","Abu Dhabi - United Arab Emirates","Work in USA",""
99199,"Data Analyst (Billing Specialist) - Parsons","Saudi Arabia","Talent Pal",""
1677280,"Lead Data Analyst","Dubai - United Arab Emirates","The Emirates Group",""
94010,"Data Analyst","Doha, Qatar","India Abroad",""
12820,"Data Analyst","Abu Dhabi - United Arab Emirates","Women@work",""
1665508,"Data Analyst","Riyadh Saudi Arabia","PPOAR",""
414684,"Data Analyst","Saudi Arabia","beBee S SA",""
1416076,"Data Analytics","Saudi Arabia","NEOM",""
481691,"Data Analyst","Doha, Qatar","ConFlip",""
1278128,"Data Analyst","Dubai - United Arab Emirates","Al-Futtaim",""
231139,"Data Analyst","Abu Dhabi - United Arab Emirates","Want More",""
1653721,"Product Data Analyst, V-TAC","Dubai - United Arab Emirates","CareerMatch",""
1281133,"Data Analyst - RTC-1 Employment Services","Dubai - United Arab Emirates","Talent Pal",""
5302,"Revenue Data","Abu Dhabi - United Arab Emirates","Farah Experiences",""
343138,"Data Analyst","Dubai - United Arab Emirates","Kitopi",""
234779,"Data Analyst","Sharjah - United Arab Emirates","Work standard",""
1740146,"Pomellato People Cost and HR Data Analyst","United Arab Emirates","Kering",""
569083,"TR Analyst","Dubai - United Arab Emirates","Al-Futtaim",""
1536825,"Logistics Data Analyst KSA Trilogilogistics Riyadh - GMG","Riyadh Saudi Arabia","Talent Pal",""
600773,"Bi/data Analyst","Abu Dhabi - United Arab Emirates","Farah Experiences",""
276460,"Data Analyst - Mace","Saudi Arabia","Talent Pal",""
1444556,"Data Analyst","Doha, Qatar","India Abroad",""
251516,"Data Analyst","Riyadh Saudi Arabia","India Abroad",""
539697,"Data Analyst","Riyadh Saudi Arabia","Abroad Work",""
1278306,"Data Analyst","Abu Dhabi - United Arab Emirates","PPOAR",""
159792,"Traffic Data Analyst","Dubai - United Arab Emirates","Women@work",""
371766,"TRAINING DATA ANALYST","Dubai - United Arab Emirates","Trans Skills LLC",""
417082,"BI/Data Analyst Jobs in Abu Dhabi | Farah Experiences Jobs 2022","Abu Dhabi - United Arab Emirates","Farah Experiences",""
144694,"Livestream Business Data Analyst Jobs in Dubai | TikTok","Dubai - United Arab Emirates","TikTok",""
881546,"Data Analyst","Abu Dhabi - United Arab Emirates","ConFlip",""
472535,"Data Analyst","Doha, Qatar","Ecojob",""
748599,"Data Analyst Manager","Dubai - United Arab Emirates","Binance",""
541613,"Data Analyst","Doha, Qatar","Flyper",""
1365520,"Data Analyst","Doha, Qatar","JobCenter",""
342875,"DATA ANALYST (Hadoop, Python, SQL)","Dubai - United Arab Emirates","Women@work",""
1453132,"Data Analyst","Riyadh Saudi Arabia","Workato",""
931283,"Data Analyst","United Arab Emirates","TASC Outsourcing",""
71449,"Data Analyst","Riyadh Saudi Arabia","India Abroad",""
540923,"Data Governance Analyst","Qatar","Brunel",""
438921,"Data Analyst","Dubai - United Arab Emirates","PPOAR",""
138268,"Data Analyst","Dubai - United Arab Emirates","Women@work",""
37186,"Logistics Data Analyst 1(Planning)","Dubai - United Arab Emirates","Majid Al Futtaim",""
892871,"Data Analyst - Commercial","Dubai - United Arab Emirates","Chalhoub Group",""
442105,"Data Analyst","Ajman - United Arab Emirates","ConFlip",""
114224,"Data Analyst, ROSEN Group - Powered By Qureos","Dubai - United Arab Emirates","Qureos",""
1315270,"Lead Data Analyst","Dubai - United Arab Emirates","The Emirates Group",""
1626248,"Analytical Data Lead","Dubai - United Arab Emirates","Halian",""
1050283,"Data Analytics & Management Expert","Riyadh Province Saudi Arabia","NEOM",""
83777,"Lead Data Analytics Auditor","Al Hofuf Saudi Arabia","Brunel",""
1671589,"Data Analyst – Dubai Jobs In Dubai 2023 | TikTok","Dubai - United Arab Emirates","TikTok",""
608304,"Data Analyst","Riyadh Saudi Arabia","JobLeader",""
958522,"Data Analyst","Dubai - United Arab Emirates","Abroad Work",""
525790,"Reporting & Dashboard Analyst","Dubai - United Arab Emirates","TASC Outsourcing",""
598552,"Data Analytics Manager Jobs in Dubai | Majid Al Futtaim Careers","Dubai - United Arab Emirates","Majid Al Futtaim",""
838917,"Data Analyst Trainee","United Arab Emirates","Chalhoub Group",""
153984,"Data Analyst","Abu Dhabi - United Arab Emirates","Etihad Airways",""
985077,"Data Analyst","Doha, Qatar","Ecojob",""
70881,"Data Analyst","Doha, Qatar","Abroad Work",""
349559,"Data Analyst","Riyadh Saudi Arabia","beBee S SA",""
1307213,"Data Analyst","Riyadh Saudi Arabia","Ecojob",""
185258,"Data Governance Analyst","Qatar","Brunel",""
787055,"Data Analyst Jobs in Sharjah","Sharjah - United Arab Emirates","Air Arabia",""
1236052,"Master Data Analyst - Al Tamimi","United Arab Emirates","Qureos",""
984379,"Associate Data Analyst","Dubai - United Arab Emirates","Chalhoub Group",""
367175,"Data Analyst","Doha, Qatar","Workato",""
1664278,"Data Analyst","Riyadh Saudi Arabia","Workato",""
278509,"Data Analyst","Al Ain - Abu Dhabi - United Arab Emirates","ConFlip",""
162311,"Data Analyst","Saudi Arabia","NEOM",""
218292,"Data Analyst - Dubai","Dubai - United Arab Emirates","TikTok",""
1128282,"Livestream Business Data Analyst Jobs in Dubai","Dubai - United Arab Emirates","TikTok",""
300998,"Data Analyst","United Arab Emirates","confidential",""
320109,"BI/Data Analyst Jobs in Abu Dhabi","Abu Dhabi - United Arab Emirates","Farah Experiences",""
1215035,"Data Analyst","Riyadh Saudi Arabia","Jing Hau",""
1105919,"Data Visualization Analyst","Dubai - United Arab Emirates","Gulf Career Hunt",""
894973,"Data Analyst","Al Ain - Abu Dhabi - United Arab Emirates","India Abroad",""
1184736,"Data Analyst","United Arab Emirates","Majid Al Futtaim",""
261229,"Data Analyst Intern","Abu Dhabi - United Arab Emirates","CareerMatch",""
1260783,"Data Analyst Jobs In Dubai UAE 2023","Dubai - United Arab Emirates","Al Futtaim",""
393888,"Data Analyst","Riyadh Saudi Arabia","Avanta Works",""
895297,"Data Developer Analyst","Dubai - United Arab Emirates","Deriv",""
606178,"Data Analyst","Dubai - United Arab Emirates","Kitopi",""
1323244,"Data Analyst","Doha, Qatar","Ecojob",""
1230757,"Data Analyst","Abu Dhabi - United Arab Emirates","Jing Hau",""
851140,"Data Entry Analyst Dubai UAE","Dubai - United Arab Emirates","Gulf Career Hunt",""
108172,"Data Analyst","Riyadh Saudi Arabia","Jing Hau",""
535012,"Data Analyst","Riyadh Saudi Arabia","Work corp",""
387718,"Data Analyst","Dubai - United Arab Emirates","The Emirates Group",""
670725,"Data Analyst","Dubai - United Arab Emirates","Avanta Works",""
395213,"training data analyst","Dubai - United Arab Emirates","Trans Skills LLC",""
56682,"Data Analyst","Doha, Qatar","Flyper",""
1568,"Data Intelligence Manager","Dubai - United Arab Emirates","Almosafer",""
69145,"Lead Data Analyst","Dubai - United Arab Emirates","Almosafer",""
955563,"Livestream Business Data Analyst Jobs in Dubai","Dubai - United Arab Emirates","TikTok",""
1395299,"Digital Analyst Jobs in Dubai","Dubai - United Arab Emirates","The Emirates Group",""
162807,"Data Analyst","Riyadh Saudi Arabia","Jing Hau",""
160692,"Senior People Data Analyst Jobs In Sharjah | Agoda","Sharjah - United Arab Emirates","Agoda",""
128895,"Data Analyst","Dubai - United Arab Emirates","Almosafer",""
573559,"DATA ANALYST","Dubai - United Arab Emirates","Trans Skills LLC",""
1426456,"Data Analyst","Abu Dhabi - United Arab Emirates","Work in USA",""
238996,"Data Analyst","Doha, Qatar","ConFlip",""
1603270,"Data Analyst","Sharjah - United Arab Emirates","Avanta Works",""
783850,"Junior Data Analyst - OTCex Group","Dubai - United Arab Emirates","CareerMatch",""
1613301,"Business Intelligence Engineer","Saudi Arabia","Talent Pal",""
8721,"Data Analyst","United Arab Emirates","Workato",""
496725,"Data Analyst","Doha, Qatar","Work in USA",""
66852,"Data Analyst","Doha, Qatar","Jing Hau",""
821252,"Data Analyst","Doha, Qatar","Work standard",""
896912,"Data Analyst","Al Ain - Abu Dhabi - United Arab Emirates","Workato",""
57966,"Data Analyst","Abu Dhabi - United Arab Emirates","Group 42",""
441555,"Data Analyst","Riyadh Saudi Arabia","Work in USA",""
23798,"Data Analyst","Umm Al Quwain - Umm Al Quawain - United Arab Emirates","Want More",""
682532,"Data Analyst","Riyadh Saudi Arabia","Want More",""
15848,"Health Data Integration Manager","Saudi Arabia","NEOM",""
1767117,"Data Analyst","Doha, Qatar","JobCenter",""
1172325,"Data Analyst","Fujairah - United Arab Emirates","ConFlip",""
1587986,"Data Analyst","Abu Dhabi - United Arab Emirates","Group 42",""
482262,"Performance Data Analyst","Dubai - United Arab Emirates","Talent Pal",""
370048,"Data Analyst","Abu Dhabi - United Arab Emirates","India Abroad",""
1380274,"Data Analyst","Riyadh Saudi Arabia","Work standard",""
1736282,"Data Analytics Manager","Dubai - United Arab Emirates","Qureos",""
101386,"Data Analyst - Deriv","Dubai - United Arab Emirates","Talent Pal",""
153968,"Data Analyst","Doha, Qatar","ConFlip",""
1648179,"Data Analyst","Dubai - United Arab Emirates","Kitopi",""
698388,"Data Analyst - Saudi Arabia","Riyadh Saudi Arabia","confidential",""
651896,"Data Analyst","Al Khobar Saudi Arabia","beBee S SA",""
115005,"Compliance Systems and Analytics Jobs in Dubai","Dubai - United Arab Emirates","Binance",""
1455934,"Data Analyst","Riyadh Saudi Arabia","Woopel",""
131257,"Data Analyst","Ajman - United Arab Emirates","Want More",""
1263968,"Data Analyst Trainee","Dubai - United Arab Emirates","Chalhoub Group",""
694699,"Data Analyst","Doha, Qatar","JobCenter",""
821363,"Digital Analyst Jobs in Dubai","Dubai - United Arab Emirates","The Emirates Group",""
356602,"Lead Data Analyst - KSA","Riyadh Saudi Arabia","Almosafer",""
1811152,"HR Data Analyst","Saudi Arabia","NEOM",""
1377149,"Data Analyst","Doha, Qatar","Work in USA",""
987867,"Data Analyst","Riyadh Saudi Arabia","ConFlip",""
462598,"Data Analyst","Doha, Qatar","Work in USA",""
1406853,"Consumer Market Analyst, Quest Search and Selection - Powered By...","Sharjah - United Arab Emirates","Qureos",""
1014101,"Data Analyst","Abu Dhabi - United Arab Emirates","ConFlip",""
794092,"Data Analyst","Riyadh Saudi Arabia","Abroad Work",""
1166097,"Data Analyst – Arabic Speaker","Dubai - United Arab Emirates","Women@work",""
1599245,"Data Analyst","Doha, Qatar","JobCenter",""
85190,"Systems & Data Analyst","Dubai - United Arab Emirates","Qureos",""
199672,"Data Analyst","Doha, Qatar","JobCenter",""
868525,"Commercial Analytics Officer","Doha, Qatar","Qatar Airways",""
1711369,"Associate Data Analyst - Logistics","Dubai - United Arab Emirates","Chalhoub Group",""
478581,"Data Analyst - Commercial, Chalhoub Group - Powered By Qureos","Dubai - United Arab Emirates","Qureos",""
1392289,"Commercial Analytics Officer","Doha, Qatar","Qatar Airways",""
1757592,"Data Analyst","United Arab Emirates","Want More",""
701991,"Data Analyst","Ras Al-Khaimah - Ras al Khaimah - United Arab Emirates","Avanta Works",""
1403075,"Data Analyst","Riyadh Saudi Arabia","Woopel",""
625484,"Chalhoub Careers Dubai | Associate Data Analyst – Customer Job","Dubai - United Arab Emirates","Chalhoub Group",""
999904,"Data Analyst","Abu Dhabi - United Arab Emirates","Work corp",""
15691,"Data Analyst","Doha, Qatar","Want More",""
488183,"Logistics Data Analyst KSA Trilogilogistics Riyadh","Riyadh Saudi Arabia","Talent Pal",""
105299,"Data Analyst","Abu Dhabi - United Arab Emirates","Avanta Works",""
168932,"Data Analyst","Abu Dhabi - United Arab Emirates","PPOAR",""
347214,"Data Analyst","Doha, Qatar","Work standard",""
275017,"Data Analyst","Dubai - United Arab Emirates","Workato",""
665026,"Data Analyst","Riyadh Saudi Arabia","beBee S SA",""
567587,"Data Analyst","Dubai - United Arab Emirates","Work corp",""
1087036,"Data Analyst","Dubai - United Arab Emirates","Caliberly",""
359077,"Senior Procurement PMO & Data Analytics Specialist","Riyadh Province Saudi Arabia","NEOM",""
350191,"ACC Desk Specialist- Data Analytics","Dubai - United Arab Emirates","Talentscoutarabia",""
1522753,"Head of Strategy, policymaking and data analytics","Saudi Arabia","NEOM",""
277863,"Data Analyst","Riyadh Saudi Arabia","Abroad Work",""
926149,"Data Analyst","United Arab Emirates","PPOAR",""
416639,"Analytics Specialist","Dubai - United Arab Emirates","Agoda",""
1120265,"Data Analyst","Riyadh Saudi Arabia","Woopel",""
105600,"Data Analyst","Doha, Qatar","Ecojob",""
549197,"Data Analyst Trainee - Customer Analytics","Dubai - United Arab Emirates","Chalhoub Group",""
1625594,"Data Analyst - Virtusa","Dubai - United Arab Emirates","Talent Pal",""
12087,"Data Analyst","Doha, Qatar","Woopel",""
224064,"Data Analyst Dynamics Support Team","Dubai - United Arab Emirates","Talent Pal",""
1616542,"Senior People Data Analyst Jobs In Sharjah","Sharjah - United Arab Emirates","Agoda",""
943206,"Data Analyst","Dibba Al-Fujairah - Fujairah - United Arab Emirates","Workato",""
1410897,"Data Analyst","Ajman - United Arab Emirates","Want More",""
877973,"Data Analyst Jobs in Abu Dhabi","Abu Dhabi - United Arab Emirates","Etihad Airways",""
21342,"CRM Data Analyst Jobs in Dubai 2022","Dubai - United Arab Emirates","Al Futtaim",""
880996,"Data Analyst","Doha, Qatar","Workato",""
730918,"Data Analyst","Riyadh Saudi Arabia","Want More",""
473010,"Commercial Analytics Officer","Doha, Qatar","Qatar Airways",""
445351,"Data Analyst","Ras Al-Khaimah - Ras al Khaimah - United Arab Emirates","PPOAR",""
1316502,"Data Analyst","Doha, Qatar","PPOAR",""
1630818,"Data Analyst","Doha, Qatar","Abroad Work",""
1802254,"Data Analyst","Riyadh Saudi Arabia","Abroad Work",""
661963,"Data Analyst","Riyadh Saudi Arabia","ConFlip",""
906678,"Data Analyst Jobs In Dubai","Dubai - United Arab Emirates","Talent Pal",""
811261,"Data Analyst","Dubai - United Arab Emirates","India Abroad",""
79319,"Data Analyst","Riyadh Saudi Arabia","Woopel",""
885111,"Data Analyst","Fujairah - United Arab Emirates","Ecojob",""
998227,"Data Analyst Jobs In Dubai UAE 2023","Dubai - United Arab Emirates","Agoda",""
500982,"Data Analyst","Riyadh Saudi Arabia","Want More",""
706746,"Master Data Analyst, Raqmiyat - Powered By Qureos","Dubai - United Arab Emirates","Qureos",""
703982,"Data Analyst","Al Ain - Abu Dhabi - United Arab Emirates","ConFlip",""
878239,"Data Analyst","Doha, Qatar","Jing Hau",""
1063946,"Inventory Data Analyst","Abu Dhabi - United Arab Emirates","Five Continents Technical & Industrial Services Est.",""
1641943,"Data Analyst","Riyadh Saudi Arabia","Flyper",""
1177055,"Lead Operations Data and Performance Analyst - Qatar Airways","Qatar","Talent Pal",""
579349,"Data Analyst","Dubai - United Arab Emirates","JobLeader",""
664784,"Voice of Customer Analyst","Dubai - United Arab Emirates","Al-Futtaim",""
223852,"Data Analyst","Doha, Qatar","Avanta Works",""
1406976,"Data Analyst","Doha, Qatar","Workato",""
1333611,"Data Science Practitioner Analyst","Dubai - United Arab Emirates","Accenture",""
549705,"Data Analyst","Riyadh Saudi Arabia","Woopel",""
543880,"Data Analyst","Fujairah - United Arab Emirates","Work in USA",""
983628,"HR Analyst, Data","Dubai - United Arab Emirates","Talent Pal",""
1026830,"Data Analyst","Riyadh Saudi Arabia","Ecojob",""
768316,"CRM Data Analyst","Dubai - United Arab Emirates","Chalhoub Group",""
162351,"Data Analyst","Riyadh Saudi Arabia","Want More",""
509274,"Data Analyst","Dubai - United Arab Emirates","Caliberly",""
900294,"Data Analyst","Doha, Qatar","Jing Hau",""
239771,"Data Analyst","Doha, Qatar","JobLeader",""
1297774,"Data Analyst","Doha, Qatar","ConFlip",""
1296378,"Data Analyst Jobs in Sharjah","Sharjah - United Arab Emirates","Air Arabia",""
349639,"Data Analyst","United Arab Emirates","Ecojob",""
319281,"Data Analyst","Ajman - United Arab Emirates","ConFlip",""
1458512,"Data And Analytics Strategy Project Manager","Riyadh Saudi Arabia","Accenture",""
84728,"Data Analyst Lead","Dubai - United Arab Emirates","Qureos",""
1470591,"Data Analyst","Doha, Qatar","Work in USA",""
1249360,"Data Analyst","Abu Dhabi - United Arab Emirates","Etihad Airways",""
1047218,"Data Analyst Jobs In Abu Dhabi UAE | Agoda","Abu Dhabi - United Arab Emirates","Agoda",""
835121,"Data Analyst","Riyadh Saudi Arabia","Work corp",""
391264,"BALENCIAGA – Intern Digital Data Analyst – July 2023","Dubai - United Arab Emirates","Kering",""
437447,"Data Analyst","Riyadh Saudi Arabia","JobLeader",""
1653891,"Data Analyst","Sharjah - United Arab Emirates","Agoda",""
695889,"Supply Chain, Data Analyst - VHR Recruitment","United Arab Emirates","CareerMatch",""
1476328,"Data Analyst and BI Professional - farnek.com","United Arab Emirates","Talent Pal",""
645370,"Data Analyst","Dubai - United Arab Emirates","Majid Al Futtaim",""
1153270,"Data Analyst - Datacube Consultancy & Solutions","United Arab Emirates","CareerMatch",""
794911,"Data Analyst","Riyadh Saudi Arabia","Abroad Work",""
271097,"Data Analyst","Dubai - United Arab Emirates","Women@work",""
1732219,"Data Analyst","Riyadh Saudi Arabia","Work standard",""
926870,"Data Analyst – Dubai Jobs In Dubai 2023","Dubai - United Arab Emirates","TikTok",""
381452,"Data Analyst","Doha, Qatar","JobCenter",""
58590,"Head of Data Analytics and Digital Insights","Abu Dhabi - United Arab Emirates","Qureos",""
876537,"Data Analyst","Riyadh Saudi Arabia","Flyper",""
537772,"Data Analyst","Doha, Qatar","Want More",""
1266403,"Data Analyst","Riyadh Saudi Arabia","Ecojob",""
1019909,"Data Analyst Trainee - Customer Analytics - Chalhoub Group","United Arab Emirates","CareerMatch",""
182981,"Data Analyst","Al Ain - Abu Dhabi - United Arab Emirates","Abroad Work",""
308760,"Data Analyst - Commercial DATA, ANALYTICS & AI · Dubai","Dubai - United Arab Emirates","Chalhoub Group",""
379783,"JUNIOR DATA ANALYST","Dubai - United Arab Emirates","The Emirates Group",""
999683,"Rewards Data Intelligence Analyst - Willis Towers Watson","Dubai - United Arab Emirates","Talent Pal",""
979689,"Pricing Analyst & Parts Database Specialist","United Arab Emirates","confidential",""
443212,"Data Analyst","Riyadh Saudi Arabia","Work in USA",""
598662,"Data Analyst","United Arab Emirates","Deriv",""
599832,"Digital Analyst Jobs In Dubai","Dubai - United Arab Emirates","Talentscoutarabia",""
1422365,"Data Analyst","Dibba Al-Fujairah - Fujairah - United Arab Emirates","Jing Hau",""
852906,"Manager Health System Analytics","Saudi Arabia","NEOM",""
1275777,"Emea Advanced Data Analyst","Dubai - United Arab Emirates","Qureos",""
1438985,"Data Analyst","Riyadh Saudi Arabia","Woopel",""
196247,"Principal Data Analyst Jobs In Dubai | Emirates Group Careers","Dubai - United Arab Emirates","Talentscoutarabia",""
118528,"Data Analyst","Doha, Qatar","Avanta Works",""
961079,"Livestream Business Data Analyst Jobs in Dubai","Dubai - United Arab Emirates","TikTok",""
65988,"Build your Data Analytics Portfolio","Dubai - United Arab Emirates","Qureos",""
54861,"Data Analyst","Saudi Arabia","NEOM",""
1265931,"Data Analyst","Dubai - United Arab Emirates","Ecojob",""
1305168,"Data Analyst - Kitopi","Dubai - United Arab Emirates","Qureos",""
847453,"Data Analyst Jobs In Dubai 2022","Dubai - United Arab Emirates","Majid Al Futtaim",""
456433,"Data Analyst","Ajman - United Arab Emirates","Ecojob",""
185804,"Data Analyst","Riyadh Saudi Arabia","Work standard",""
359098,"Data Analyst","United Arab Emirates","Woopel",""
219235,"Dubai Data Analyst Job for Indian","Dubai - United Arab Emirates","Kitopi",""
1677392,"Data Analyst","Dibba Al-Hisn - Sharjah - United Arab Emirates","India Abroad",""
455840,"Data Analyst","Riyadh Saudi Arabia","Woopel",""
1013366,"Data Analyst Jobs In Dubai UAE","Dubai - United Arab Emirates","Majid Al Futtaim",""
528160,"Data Analyst","Dubai - United Arab Emirates","Kitopi",""
365005,"Data Analyst","Riyadh Saudi Arabia","Work in USA",""
883774,"Data Analyst Jobs | Air Arabia Jobs in Sharjah 2022","Sharjah - United Arab Emirates","Air Arabia",""
115289,"Data Analyst","United Arab Emirates","Avanta Works",""
201334,"Creative Data Analyst (CST)","Abu Dhabi - United Arab Emirates","Qureos",""
618525,"Logistics Data Analyst Jobs In Dubai UAE 2023 | Al Futtaim","Dubai - United Arab Emirates","Al Futtaim",""
1598345,"Data Analyst","Doha, Qatar","Work corp",""
944136,"Data Analyst Lead","Dubai - United Arab Emirates","Qureos",""
1355430,"BI/Data Analyst Jobs in Abu Dhabi | Farah Experiences Jobs 2022","Abu Dhabi - United Arab Emirates","Farah Experiences",""
1576544,"Data Analyst","Doha, Qatar","Woopel",""
1240020,"Data Analyst","Saudi Arabia","CareerMatch",""
1261398,"Data Analyst","Dubai - United Arab Emirates","Talent Pal",""
1178280,"Data Engineering Analyst - Accenture","Riyadh Saudi Arabia","Qureos",""
140239,"Data Analyst","Doha, Qatar","Workato",""
43882,"Data Analyst","Dubai - United Arab Emirates","Agoda",""
590064,"Data Analyst","Abu Dhabi - United Arab Emirates","Work corp",""
282338,"Data Analyst","Doha, Qatar","Woopel",""
76683,"Creative Data Analyst","Dubai - United Arab Emirates","Talent Pal",""
1305744,"Data Analyst (m\f\d) - Artefact.com","Dubai - United Arab Emirates","Talent Pal",""
938203,"Data Analyst","Riyadh Saudi Arabia","JobLeader",""
1073806,"Data Analyst","Umm Al Quwain - Umm Al Quawain - United Arab Emirates","Want More",""
57440,"Data Analyst","Riyadh Saudi Arabia","Flyper",""
259862,"Data Analyst, Majid Al Futtaim - Powered By Qureos","Sharjah - United Arab Emirates","Qureos",""
718009,"Data Analyst","Dubai - United Arab Emirates","Want More",""
34820,"Data Analyst","United Arab Emirates","ConFlip",""
1001929,"Data Analyst","Abu Dhabi - United Arab Emirates","Flyper",""
500526,"Lead Data Analyst - UAE, Almosafer - Powered By Qureos","Dubai - United Arab Emirates","Qureos",""
957274,"Data Analyst","Dibba Al-Hisn - Sharjah - United Arab Emirates","Work corp",""
9346,"Data Analyst Trainee","United Arab Emirates","Chalhoub Group",""
217433,"Data Analyst","Doha, Qatar","Flyper",""
85423,"Data Analyst","Dubai - United Arab Emirates","confidential",""
1470793,"Supply Chain, Data Analyst, VHR Recruitment","Abu Dhabi - United Arab Emirates","CareerMatch",""
1814996,"Data Analyst","Doha, Qatar","Workato",""
1225169,"Manager - Analytics","Dubai - United Arab Emirates","Al-Futtaim",""
59688,"Data Analyst","Riyadh Saudi Arabia","Workato",""
855395,"Data Analyst","Riyadh Saudi Arabia","JobCenter",""
344229,"RCM Data Analyst Jobs In Dubai","Dubai - United Arab Emirates","Talentscoutarabia",""
1611923,"Data Analyst","Riyadh Saudi Arabia","Woopel",""
1551273,"Data Analyst","Riyadh Saudi Arabia","Work standard",""
1332659,"Marketing Data Analyst","Dubai - United Arab Emirates","Deriv",""
287556,"AFC Data Analyst (Automatic Fare Collection System) -...","Saudi Arabia","Talent Pal",""
1397198,"Data Analyst, haus & haus - Powered By Qureos","Sharjah - United Arab Emirates","Qureos",""
32546,"Associate Analytics Manager","Dubai - United Arab Emirates","Kitopi",""
1071014,"Data Analyst Jobs In Abu Dhabi UAE","Abu Dhabi - United Arab Emirates","Agoda",""
33625,"Data Analyst","Riyadh Saudi Arabia","Work corp",""
1489419,"Data Analyst","Doha, Qatar","Work standard",""
65758,"Data Analyst","Riyadh Saudi Arabia","Abroad Work",""
3584,"Threat Intelligence Analyst","Dubai - United Arab Emirates","Halian",""
1171706,"Data Analyst Manager Jobs in Dubai","Dubai - United Arab Emirates","Binance",""
735342,"Data Analyst","Riyadh Saudi Arabia","India Abroad",""
193932,"Data Analyst","United Arab Emirates","Work corp",""
200323,"Data Analyst Jobs","Dubai - United Arab Emirates","Halian",""
745683,"Data Analyst","Riyadh Saudi Arabia","Workato",""
21206,"Data Analyst","Saudi Arabia","Parsons",""
134628,"Reporting & Dashboard Analyst","United Arab Emirates","TASC Outsourcing",""
321108,"Senior Analytics Specialist (Customer Experience)","Abu Dhabi - United Arab Emirates","Etihad Airways",""
43510,"Data Analyst","Abu Dhabi - United Arab Emirates","JobLeader",""
503167,"Data Analyst Trainee","Dubai - United Arab Emirates","Chalhoub Group",""
776077,"DATA ANALYST (Hadoop, Python, SQL), Virtua Advanced Solution ...","Abu Dhabi - United Arab Emirates","Qureos",""
1826158,"Data Analyst(Intern)","Dubai - United Arab Emirates","Accenture",""
770242,"Analytics Manager","Abu Dhabi - United Arab Emirates","Farah Experiences",""
324450,"Data Analyst","Riyadh Saudi Arabia","PPOAR",""
910084,"Data Analyst, Innovation Factory - Powered By Qureos","Abu Dhabi - United Arab Emirates","Qureos",""
71380,"Data Analyst","Ajman - United Arab Emirates","PPOAR",""
1296653,"Data Analyst","Doha, Qatar","Work in USA",""
236546,"Data Governance Analyst","Qatar","Brunel",""
962063,"Data Analyst","Riyadh Saudi Arabia","ConFlip",""
321411,"Data Analyst","Doha, Qatar","Want More",""
892553,"Data Analyst Jobs In Dubai 2022 | Majid Al Futtaim","Dubai - United Arab Emirates","Majid Al Futtaim",""
1283313,"Data Analyst / Data Entry Operator (Part-Time)","United Arab Emirates","confidential",""
1032026,"JUNIOR DATA ANALYST - The Emirates Group","Dubai - United Arab Emirates","Talent Pal",""
78612,"Data Analyst","Riyadh Saudi Arabia","India Abroad",""
148496,"Data Analyst","Abu Dhabi - United Arab Emirates","Flyper",""
219358,"Data Analyst","Ras Al-Khaimah - Ras al Khaimah - United Arab Emirates","Work in USA",""
560533,"Data Analyst","Riyadh Saudi Arabia","JobLeader",""
1689828,"Enablon Data Analyst","Saudi Arabia","Qureos",""
832223,"Data Analyst","Doha, Qatar","JobLeader",""
288592,"Data Analyst","Dubai - United Arab Emirates","Woopel",""
1001907,"Data Analytics Manager | Careers","Dubai - United Arab Emirates","Majid Al Futtaim",""
807840,"Data Analyst","Riyadh Saudi Arabia","Work in USA",""
818047,"IT Data Analyst - IC SOLUTIONS","United Arab Emirates","CareerMatch",""
370033,"Data Analyst Jobs in Dubai","Dubai - United Arab Emirates","Al Futtaim",""
1333421,"Data Analyst","Riyadh Saudi Arabia","Want More",""
768499,"Data Analyst","Doha, Qatar","Avanta Works",""
1656901,"Data Analyst","Doha, Qatar","PPOAR",""
1366064,"Data Analyst","Fujairah - United Arab Emirates","ConFlip",""
621268,"Data and Analytics Manager","Dubai - United Arab Emirates","Talent Pal",""
690950,"Creative Data Analyst (CST), TikTok - Powered By Qureos","Abu Dhabi - United Arab Emirates","Qureos",""
873939,"Data Analyst","Riyadh Saudi Arabia","JobLeader",""
1345022,"Data Analyst","Ajman - United Arab Emirates","Work in USA",""
413397,"Data Analyst","Doha, Qatar","India Abroad",""
389862,"Advance Analytics","Dubai - United Arab Emirates","TASC Outsourcing",""
663544,"Reporting & Dashboard Analyst","Dubai - United Arab Emirates","TASC Outsourcing",""
322496,"Data Analyst","Dubai - United Arab Emirates","Chalhoub Group",""
837795,"Data Analyst","Dubai - United Arab Emirates","Work in USA",""
908047,"Data Analyst","Ajman - United Arab Emirates","PPOAR",""
986190,"Data Analyst","Doha, Qatar","PPOAR",""
293718,"Data Analyst Jobs in Dubai","Dubai - United Arab Emirates","Al Futtaim",""
1212280,"Data Analyst","United Arab Emirates","Almosafer",""
427271,"Data Analyst","Dubai - United Arab Emirates","Kitopi",""
539870,"Drivers Health Data Analyst","Dubai - United Arab Emirates","Trans Skills LLC",""
431217,"TRAINING DATA ANALYST Jobs In Dubai","Dubai - United Arab Emirates","Trans Skills LLC",""
998977,"Data Analyst Trainee - Customer Analytics Dubai","Dubai - United Arab Emirates","Chalhoub Group",""
975214,"School Data Analyst, Raffles International School - Powered By Qureos","Dubai - United Arab Emirates","Qureos",""
680891,"Data Analyst, UDrive Jobs In Dubai","Dubai - United Arab Emirates","CareerMatch",""
1283641,"Data Analyst","Dubai - United Arab Emirates","Deriv",""
426663,"Data Analyst","Riyadh Saudi Arabia","ConFlip",""
292807,"Data Analyst","Sharjah - United Arab Emirates","JobCenter",""
791086,"Data Analyst","Dubai - United Arab Emirates","TASC Outsourcing",""
1721673,"Data Analyst - RAK - Taaleem","United Arab Emirates","Talent Pal",""
1286601,"Data Reporting Analyst","Doha, Qatar","Brunel",""
346557,"Data Analyst","Abu Dhabi - United Arab Emirates","Group 42",""
897498,"Logistics Data Analyst 1Planning Jobs in Dubai","Dubai - United Arab Emirates","Majid Al Futtaim",""
1362848,"Business Intelligence Engineer","Saudi Arabia","Talent Pal",""
459250,"Data Analyst","Saudi Arabia","NEOM",""
257936,"Data Analyst Trainee - Customer Analytics","Dubai - United Arab Emirates","Chalhoub Group",""
1572677,"Data Analyst","Riyadh Saudi Arabia","Avanta Works",""
395578,"Data Analyst","Doha, Qatar","Woopel",""
612747,"Drivers Health Data Analyst","Dubai - United Arab Emirates","Trans Skills LLC",""
47035,"Data Analyst","Ras Al-Khaimah - Ras al Khaimah - United Arab Emirates","Workato",""
218623,"Data Analyst / Data Scientist (Remote), nybl - Powered By Qureos","Dubai - United Arab Emirates","Qureos",""
1485781,"Data Analyst","Riyadh Saudi Arabia","JobCenter",""
164876,"Web Developer Data Analyst","Dubai - United Arab Emirates","Gulf Career Hunt",""
521911,"Associate Analytics Manager","Dubai - United Arab Emirates","Kitopi",""
1295664,"TRAINING DATA ANALYST","Dubai - United Arab Emirates","Trans Skills LLC",""
1339346,"Data Analyst","Doha, Qatar","Work standard",""
6304,"Data Analyst, Pure Magic Exhibition & Conference Organizing ...","Dubai - United Arab Emirates","Qureos",""
1770386,"Data Analyst","Sharjah - United Arab Emirates","ConFlip",""
178313,"Data Analyst","Abu Dhabi - United Arab Emirates","Workato",""
1296674,"Data Analyst - Meal Plans","Dubai - United Arab Emirates","Kitopi",""
530604,"Data Analyst","Riyadh Saudi Arabia","Almosafer",""
457032,"Data Analyst","Abu Dhabi - United Arab Emirates","Jing Hau",""
92228,"TRAINING DATA ANALYST Jobs In Dubai","Dubai - United Arab Emirates","Trans Skills LLC",""
755109,"Data Analyst","Fujairah - United Arab Emirates","Flyper",""
850794,"BALENCIAGA – Intern Digital Data Analyst – July 2023 (F/M)","United Arab Emirates","Kering",""
57959,"Product Data Analyst Jobs In Dubai United Arab Emirates 2023","Dubai - United Arab Emirates","Parsons",""
75725,"Data Architect","Dubai - United Arab Emirates","Caliberly",""
134861,"TRAINING DATA ANALYST Jobs In Dubai","Dubai - United Arab Emirates","Trans Skills LLC",""
1760117,"Data Analyst","Riyadh Saudi Arabia","Work corp",""
1418602,"Data Analyst","Doha, Qatar","Jing Hau",""
545190,"Data Analyst","Doha, Qatar","JobCenter",""
1285765,"Data Analyst","Riyadh Saudi Arabia","Flyper",""
415280,"Data Analyst","Dubai - United Arab Emirates","ConFlip",""
761266,"Data Analyst","Riyadh Saudi Arabia","JobLeader",""
1451484,"Data Analyst","Doha, Qatar","Flyper",""
97332,"Data Governance Analyst","Dubai - United Arab Emirates","Halian",""
76386,"Data Analyst","Doha, Qatar","Work in USA",""
700281,"Data Analyst Jobs In Dubai UAE 2023","Dubai - United Arab Emirates","Majid Al Futtaim",""
1082147,"Sales Data Analyst","Abu Dhabi - United Arab Emirates","Qureos",""
836492,"Data Analyst","Abu Dhabi - United Arab Emirates","PPOAR",""
550156,"Data Analyst","Riyadh Saudi Arabia","Avanta Works",""
305824,"Data Analyst","Riyadh Saudi Arabia","Ecojob",""
81009,"HR Data Analyst","United Arab Emirates","Halian",""
727246,"Data Analyst","Doha, Qatar","Jing Hau",""
711501,"Data Analyst","Riyadh Saudi Arabia","Work standard",""
9705,"Data Analyst","Riyadh Saudi Arabia","JobLeader",""
19423,"Data Analyst","Riyadh Saudi Arabia","ConFlip",""
1039495,"Data Analyst","Fujairah - United Arab Emirates","Ecojob",""
1280797,"KERING Finance Data Analyst-D&A","Dubai - United Arab Emirates","Kering",""
1737234,"Data Analyst Jobs in Dubai","Dubai - United Arab Emirates","Al Futtaim",""
1304918,"Data Analyst","Abu Dhabi - United Arab Emirates","Ecojob",""
1399946,"TRAFFIC DATA ANALYST, Parsons - United Arab Emirates - Powered By...","Abu Dhabi - United Arab Emirates","Qureos",""
342630,"Data Analyst - Artefact.com","Saudi Arabia","Talent Pal",""
1710229,"Data Analyst","Dubai - United Arab Emirates","PPOAR",""
864531,"Data Analyst - Meal Plans","Dubai - United Arab Emirates","Kitopi",""
779951,"Reporting Engineer","United Arab Emirates","TASC Outsourcing",""
1236410,"Data Analyst","Riyadh Saudi Arabia","ConFlip",""
822150,"Data Analyst","Doha, Qatar","JobCenter",""
1727519,"Quality Assurance and Reporting Analyst","Abu Dhabi - United Arab Emirates","Group 42",""
788166,"Data & Analytics HR Manager","Dubai - United Arab Emirates","The Emirates Group",""
1719293,"CRM Data Analyst Jobs in Dubai 2022","Dubai - United Arab Emirates","Al Futtaim",""
224658,"UAE National_Data Analyst | Group Technology & Digital Platforms ...","Dubai - United Arab Emirates","Al-Futtaim",""
824903,"Data Analyst","Doha, Qatar","Abroad Work",""
371290,"Associate Analytics Manager","Dubai - United Arab Emirates","Kitopi",""
1119361,"Data analyst","Dubai - United Arab Emirates","Halian",""
957217,"Data Analyst","Riyadh Saudi Arabia","Work in USA",""
40897,"Data Analytics","Abu Dhabi - United Arab Emirates","Accenture",""
1250997,"Data Analyst","Dubai - United Arab Emirates","Deriv",""
899682,"Data Analyst","Doha, Qatar","ConFlip",""
850800,"HR Data Analyst","Dubai - United Arab Emirates","Kitopi",""
317888,"Data Analyst","Doha, Qatar","Avanta Works",""
340020,"Data Analyst Jobs in Sharjah","Sharjah - United Arab Emirates","Air Arabia",""
898734,"Principal Data Analyst","Dubai - United Arab Emirates","The Emirates Group",""
317530,"Creative Data Analyst","Dubai - United Arab Emirates","TikTok",""
1658202,"Data Analyst","Doha, Qatar","Avanta Works",""
293177,"Data Analyst","Riyadh Saudi Arabia","India Abroad",""
904715,"Data Analyst","Abu Dhabi - United Arab Emirates","Want More",""
496331,"Data Analyst","Doha, Qatar","Ecojob",""
516760,"Applied Scientist","Abu Dhabi - United Arab Emirates","Group 42",""
1752520,"Data Analyst","Riyadh Saudi Arabia","JobLeader",""
526381,"Data Analyst","Umm Al Quwain - Umm Al Quawain - United Arab Emirates","Jing Hau",""
1459426,"Data Analyst","Riyadh Saudi Arabia","JobCenter",""
877482,"Livestream Business Data Analyst Jobs in Dubai","Dubai - United Arab Emirates","TikTok",""
296636,"Data Analyst","Dubai - United Arab Emirates","Flyper",""
1347313,"Data Analyst Trainee Dubai","Dubai - United Arab Emirates","Chalhoub Group",""
413168,"Data Analyst","Riyadh Saudi Arabia","ConFlip",""
1235558,"Data Analyst","Doha, Qatar","India Abroad",""
1469919,"Creative Data Analyst","Dubai - United Arab Emirates","TikTok",""
306880,"Data Analyst","Ajman - United Arab Emirates","Jing Hau",""
1308107,"Data Analyst","Dibba Al-Hisn - Sharjah - United Arab Emirates","PPOAR",""
1495193,"Marketing Data Analyst","Dubai - United Arab Emirates","Deriv",""
311559,"Data Analyst","Ajman - United Arab Emirates","Abroad Work",""
207534,"Data Analyst","Dubai - United Arab Emirates","PPOAR",""
1091945,"Data Analyst","United Arab Emirates","JobCenter",""
808542,"Data Analyst","Anywhere","Want More",""
1485082,"Data Analyst","Dubai - United Arab Emirates","Kitopi",""
404642,"Data Analyst – Arabic Speaker Jobs In Dubai UAE 2023","Dubai - United Arab Emirates","Caliberly",""
583638,"Data Analyst - United Arab Emirates University","Dubai - United Arab Emirates","Qureos",""
37123,"Associate Data Analyst - Logistics","Dubai - United Arab Emirates","Chalhoub Group",""
1131065,"Data Analyst","Dubai - United Arab Emirates","Deriv",""
923909,"Data Analyst Dubai UAE","Dubai - United Arab Emirates","Gulf Career Hunt",""
1600438,"Pricing Executive – Data Analytics Jobs","Dubai - United Arab Emirates","Al Futtaim",""
447524,"Data Analyst","Abu Dhabi - United Arab Emirates","Flyper",""
1274560,"Data Analytics Officer (Cargo)","Doha, Qatar","Qatar Airways",""
198166,"Data Analyst Intern, Alpin Limited - Powered By Qureos","Dubai - United Arab Emirates","Qureos",""
1319377,"Data Analyst","Riyadh Saudi Arabia","PPOAR",""
284956,"Traffic Data Analyst Jobs in Dubai","Dubai - United Arab Emirates","Parsons",""
35786,"Systems Controller - BI & Data Analytics Specialist","Doha, Qatar","Qatar Airways",""
910390,"Data Analyst Dubai UAE","Dubai - United Arab Emirates","Gulf Career Hunt",""
1385625,"Data Analyst Jobs in Sharjah | Air Arabia Careers","Sharjah - United Arab Emirates","Air Arabia",""
402960,"Data Analyst Trainee/متدرب تحليل بيانات - Chalhoub Group","Dubai - United Arab Emirates","Qureos",""
1758689,"Data Analyst Manager","Dubai - United Arab Emirates","Binance",""
1468535,"Data Analyst","Ajman - United Arab Emirates","ConFlip",""
1029163,"Data Analyst Jobs","Sharjah - United Arab Emirates","Air Arabia",""
1598836,"Data Analyst","Riyadh Saudi Arabia","Workato",""
1205733,"Data Analyst","Dibba Al-Fujairah - Fujairah - United Arab Emirates","Jing Hau",""
592568,"Data Analyst","Sharjah - United Arab Emirates","Woopel",""
692074,"Data Analyst","Doha, Qatar","Workato",""
1321907,"Data Governance Analyst","Qatar","Brunel",""
335775,"Data Analyst, Innovation Factory - Powered By Qureos","Dubai - United Arab Emirates","Qureos",""
404057,"Master Data Analyst - Raqmiyat","Dubai - United Arab Emirates","CareerMatch",""
663526,"Associate Data Analyst - Logistics","United Arab Emirates","Chalhoub Group",""
251644,"Data Analyst","Abu Dhabi - United Arab Emirates","Five Continents Technical & Industrial Services Est.",""
1767639,"Data Analyst","Doha, Qatar","Abroad Work",""
796731,"Data Analyst","Riyadh Saudi Arabia","ConFlip",""
257451,"Data Analyst","Doha, Qatar","ConFlip",""
3273,"Reporting & Dashboards Analyst","Dubai - United Arab Emirates","Al-Futtaim",""
95837,"Data Analyst","Doha, Qatar","Workato",""
667758,"Data Analyst","Umm Al Quwain - Umm Al Quawain - United Arab Emirates","JobCenter",""
1229785,"Junior Data Analyst","Dubai - United Arab Emirates","The Emirates Group",""
189182,"Data Analyst","Riyadh Saudi Arabia","ConFlip",""
422814,"Data Analyst","Dibba Al-Fujairah - Fujairah - United Arab Emirates","ConFlip",""
824381,"Data Analyst","Abu Dhabi - United Arab Emirates","Jing Hau",""
27399,"Associate Data Analyst","United Arab Emirates","Chalhoub Group",""
1759431,"Database Analyst","Saudi Arabia","beBee S SA",""
1115473,"Data Analyst Jobs in Dubai | Al Futtaim Careers","Dubai - United Arab Emirates","Al Futtaim",""
